id,domain,status,purchase_price,renewal_price,attractiveness,demand,length,registrar,created_at,expires_at,status_verified_at
be4e73d1-5a78-4234-a0cf-e7f3e3a4febd,absinthe.monster,available,1.5,21.98,high,low,8,namecheap,,,16/09/2026 17:47
ab25259b-0647-4f9c-b77f-9a5ab8886b3f,banqueting.monster,available,1.99,17.29,high,low,10,namesilo,,,22/09/2026 03:08
1a269b88-6eb4-4553-9dff-2fdd2b52bdda,promoter.monster,available,1.99,,high,low,8,name.com,,,
d0f4f6ab-f369-4698-b4b5-9bd00c0a30ee,perinatal.monster,available,1.5,21.98,medium,low,9,namecheap,,,08/09/2026 17:07
3b7e434e-2581-443b-aada-4e9f1017f130,critic.monster,available,1.99,,high,low,6,name.com,,,
05ec3bb8-1b45-4ec0-8719-aa97876006b4,brook.monster,available,1.99,,high,low,5,name.com,,,
e0ec9bb6-ac59-407e-952c-bf50ee2975da,swampy.monster,available,1.8,19.98,medium,low,6,namecheap,,,10/08/2026 17:18
a7877e7b-3154-481c-977c-39b036ca0857,fugitive.monster,available,1.8,19.98,high,low,8,namecheap,,,18/08/2026 07:53
9f5fc1ee-7fad-4e01-b7ec-c6945ab2dcf5,trussed.monster,available,1.5,21.98,medium,low,7,namecheap,,,11/09/2026 15:47
0e3e0da6-8cd7-4926-8b4f-9a61e3ec2c7e,troika.monster,available,1.8,19.98,high,low,6,namecheap,,,
a53cd890-069f-4619-b9fa-f1c751fab4f0,devoid.monster,available,1.8,19.98,medium,low,6,namecheap,,,14/08/2026 05:13
6575753f-1be8-4c61-a52a-4eac6ef00353,extras.monster,available,1.99,15.75,medium,low,6,namesilo,,,
b565595f-e8fa-44bd-8ca7-14e025b9deac,starry.monster,available,1.5,21.98,high,low,6,namecheap,,,10/09/2026 18:58
a556e42e-c6bd-4d45-a45f-4e74b98099fa,ashcan.monster,available,1.99,17.29,medium,low,6,namesilo,,,20/09/2026 13:35
dcae8d06-b140-4fb7-9b48-4d0df6765bdc,guerrilla.monster,available,1.8,19.98,high,low,9,namecheap,,,22/08/2026 10:14
2982462d-0537-4151-93a0-0faf1bfc21f4,liar.monster,available,1.99,17.29,high,low,4,namesilo,,,27/09/2026 14:44
8b6d3be3-cec9-406e-9138-9d06d0f460b4,corpulence.monster,available,1.5,21.98,medium,low,10,namecheap,,,04/09/2026 22:00
acd8aa32-7178-4bce-b90b-3af08c2030cb,airliner.monster,available,1.99,17.29,high,low,8,namesilo,,,17/09/2026 23:14
e23bae63-f262-4822-80b2-0a889a3169ed,ursula.monster,available,1.99,17.29,medium,low,6,namesilo,,,28/09/2026 03:44
d8c4620e-ce6d-4a0b-9bf3-fd3d4e79c161,socks.monster,available,1.99,17.29,high,low,5,namesilo,,,27/09/2026 08:18
027fe8a5-c7b6-4db7-8c8f-38e1dc02749c,cursory.monster,available,1.8,19.98,high,low,7,namecheap,,,13/08/2026 11:41
3126bfd8-ea08-4a72-aaa4-1340bc91ae2e,bellyful.monster,available,1.5,21.98,medium,low,8,namecheap,,,23/09/2026 06:51
cc7043f1-2fab-42ca-90c5-194dfbfb08ef,neighbor.monster,available,1.99,,high,low,8,name.com,,,
392b1e1d-037c-4b77-9b72-b38a71be4ace,tagged.monster,available,1.8,19.98,high,low,6,namecheap,,,22/08/2026 17:17
2d3ead56-c32a-4b01-8f7a-8e95db99313b,series.monster,available,1.5,21.98,high,low,6,namecheap,,,19/09/2026 17:55
f8f6d3b2-c3b4-4e56-bcc4-322178d906a3,armour.monster,available,1.99,17.29,medium,low,6,namesilo,,,20/09/2026 07:22
e941116e-330c-47f8-a395-8c80ccc26b21,firstly.monster,available,1.99,17.29,medium,low,7,namesilo,,,24/09/2026 18:41
91a2ca46-cc2c-4111-9b81-f78c9bb514ca,cognate.monster,available,1.8,19.98,high,low,7,namecheap,,,10/08/2026 15:14
6a7c3749-9075-4105-aff3-395e1497f603,clubable.monster,available,1.8,19.98,medium,low,8,namecheap,,,12/08/2026 12:57
f133a302-8197-4e97-a379-eb882f715360,genu.monster,available,1.5,21.98,medium,low,4,namecheap,,,20/09/2026 11:29
7f2192c1-10b9-4c2d-b1d8-5f0ded7991e2,turbinate.monster,available,1.8,19.98,medium,low,9,namecheap,,,12/08/2026 16:20
a980a4f1-04f0-43b5-8d95-b654db4f6693,luckily.monster,available,1.5,21.98,high,low,7,namecheap,,,13/09/2026 21:22
2d8dbfed-e03d-4a2e-a273-aeebb624a4e1,twaddle.monster,available,1.5,21.98,medium,low,7,namecheap,,,21/09/2026 23:55
c2f933ff-4575-48fe-b276-89cc6c1b3cc3,slammer.monster,available,1.5,21.98,medium,low,7,namecheap,,,08/09/2026 22:49
77721ba2-c5dc-4a65-9aaf-74278e68d3b7,beachhead.monster,available,1.5,21.98,medium,low,9,namecheap,,,22/09/2026 19:08
8adb958c-a7e5-4872-900c-b27a8599233a,eminently.monster,available,1.5,21.98,medium,low,9,namecheap,,,14/09/2026 15:19
2c9831cb-b121-4c7d-beb7-d3394f074711,sell.monster,premium,625,,high,medium,4,name.com,,,
563b7dfc-a9c2-4ae4-8ceb-068a4aa3bd8b,grumpy.monster,available,,,medium,low,6,,,,
7d7434e8-a960-4b2a-83e5-6efb6d4a810f,explosive.monster,available,1.8,19.98,high,low,9,namecheap,,,17/08/2026 18:33
31983a45-dfa3-40a6-b16b-29412dacd73a,economical.monster,available,1.5,21.98,high,low,10,namecheap,,,24/09/2026 13:25
4747f0bb-eb3e-433c-9ad1-9b35ac68791f,nascent.monster,available,1.5,21.98,medium,low,7,namecheap,,,03/09/2026 13:35
d0d49f85-60ed-4745-8fea-50e14a2e9cab,motivation.monster,available,1.5,21.98,high,low,10,namecheap,,,25/09/2026 21:49
31332c0b-1ea6-4d50-87c7-2b15796df6f0,hal.monster,available,1.99,17.29,high,low,3,namesilo,,,25/09/2026 12:39
c254c938-ca43-496e-99b9-9cfc171361a1,beginner.monster,available,1.99,17.29,high,low,8,namesilo,,,23/09/2026 02:23
a20d31ea-41a0-438e-a3c3-994a5c15094a,chaff.monster,available,1.8,19.98,medium,low,5,namecheap,,,22/08/2026 13:50
67889c78-bcc4-4b01-8394-5a261564de80,textual.monster,available,1.5,21.98,high,low,7,namecheap,,,11/09/2026 12:20
4a55f8c8-54cb-45c6-abf9-dda0d3858bc8,acervulus.monster,available,1.99,17.29,medium,low,9,namesilo,,,16/09/2026 23:44
c6404619-a37c-404b-9197-a9db9abf8c74,ixl.monster,available,1.8,19.98,medium,low,3,namecheap,,,
a1f3b46d-8922-4056-acb1-f3cb59614a5a,dishonest.monster,available,1.8,19.98,medium,low,9,namecheap,,,11/08/2026 03:44
442e28b4-7ac1-41a5-ac1b-8f07e79388bc,coalescing.monster,available,1.8,19.98,medium,low,10,namecheap,,,12/08/2026 13:53
9db71434-c0e7-4c59-9563-82e76706d1e2,inexorable.monster,available,1.8,19.98,medium,low,10,namecheap,,,
24d57766-0d89-4e7f-8843-ad784f824ec6,stilted.monster,available,1.5,21.98,medium,low,7,namecheap,,,10/09/2026 20:37
91e68623-70e7-40eb-b61b-8fa2d31f3d5b,adjunction.monster,available,1.99,17.29,medium,low,10,namesilo,,,17/09/2026 08:25
e6f5db13-8a27-4fb1-aad2-40cd6d4b987d,celsius.monster,available,1.99,17.29,high,low,7,namesilo,,,19/09/2026 04:00
065dcad3-259a-428a-ae59-67dac6ffe25f,denied.monster,available,1.99,17.29,low,low,6,namesilo,,,27/09/2026 02:21
e8d111cc-f915-4aaa-b10b-4124bf4f8311,feminism.monster,available,1.99,15.75,high,low,8,namesilo,,,
876b2fe8-4a10-419f-8eeb-ae6fd830978d,refunds.monster,available,1.99,17.29,medium,low,7,namesilo,,,20/09/2026 14:13
60c77f14-1d28-4d7e-860a-f6f435862d54,talismanic.monster,available,1.5,21.98,medium,low,10,namecheap,,,11/09/2026 07:30
95884c99-e16e-419d-98b9-696beb759182,corded.monster,available,1.8,19.98,medium,low,6,namecheap,,,13/08/2026 00:57
65c7586d-02d9-4402-a3d5-05005487fc70,manzoni.monster,available,1.99,17.29,high,low,7,namesilo,,,18/09/2026 05:31
68dc073c-5828-44e5-b53e-3898d7996ca6,olivier.monster,available,1.99,17.29,high,low,7,namesilo,,,22/09/2026 07:16
b8a14222-5d63-444e-b46e-4a7db39ff571,mourning.monster,available,1.8,19.98,medium,low,8,namecheap,,,25/08/2026 08:38
c8186b85-4c62-4b41-8307-258716c21fe8,mannish.monster,available,1.8,19.98,medium,low,7,namecheap,,,24/08/2026 15:22
7617405a-df09-432c-911e-178d1f7c7ec5,violation.monster,available,1.99,,high,low,9,name.com,,,
f6c39b26-1675-47f2-b99d-a0f9d4265818,filaria.monster,available,1.99,17.29,medium,low,7,namesilo,,,18/09/2026 06:14
d9d0da08-1e66-4ddb-b73c-b78ab9f2786f,bagpipe.monster,available,1.5,21.98,high,low,7,namecheap,,,21/09/2026 18:26
38b249fa-5c93-4248-88ff-c3d72c4b1f4e,supportive.monster,available,0.99,25.99,high,low,10,godaddy,,,28/09/2026 02:03
45fd73e0-a1ad-4948-bb93-3993a5cebdde,tectonic.monster,available,1.8,19.98,medium,low,8,namecheap,,,06/08/2026 15:47
f32e21b0-f708-4854-8193-4b212951ab05,biosafety.monster,available,1.5,21.98,high,low,9,namecheap,,,23/09/2026 18:56
85d34cd3-a75e-46cf-b59b-54a17a663bf7,asymmetric.monster,available,1.8,19.98,medium,low,10,namecheap,,,07/08/2026 10:25
d627f5be-39b0-4cf4-be0f-ba2f6540f8a4,denis.monster,available,1.99,17.29,high,low,5,namesilo,,,25/09/2026 15:03
46133257-3dc2-42e3-a8a3-3198f8e57c39,manuals.monster,available,1.99,17.29,medium,low,7,namesilo,,,20/09/2026 09:33
f1a0f3c6-412a-4cf2-9a86-68ab223e0a82,dalliance.monster,available,1.5,21.98,high,low,9,namecheap,,,11/09/2026 19:38
520a654e-0e93-45fb-9d1c-2aa804ed7575,justified.monster,available,1.5,21.98,high,low,9,namecheap,,,25/09/2026 12:26
3be8bdce-71c5-4f23-96a0-4d96eadefff5,faithfully.monster,available,1.5,21.98,high,low,10,namecheap,,,14/09/2026 11:42
c35044a9-dee7-40a1-bad1-b66fbee10054,untwisted.monster,available,1.5,21.98,medium,low,9,namecheap,,,12/09/2026 21:56
dfe271d0-1521-4b4c-bdd1-f9a05220257c,xxi.monster,available,1.99,17.29,high,low,3,namesilo,,,21/09/2026 12:32
e8738496-e81b-4d21-82d3-1d2322bd986e,tolerate.monster,available,1.5,21.98,high,low,8,namecheap,,,24/09/2026 10:45
c7593394-4acc-4f90-bd4b-d6284a2510fd,chairman.monster,available,1.99,15.75,high,low,8,namesilo,,,
2f8ff084-c8c0-4162-bd69-69229b44446c,philips.monster,available,1.99,,high,medium,7,name.com,,,
c0d19d2e-0e50-4405-8d1e-12402d78b20e,puts.monster,available,1.99,17.29,medium,low,4,namesilo,,,18/09/2026 14:17
87d2c21c-bc03-474f-8b3e-7d866b6932d0,investigating.monster,available,1.99,17.29,high,low,13,namesilo,,,27/09/2026 09:46
8d797bc4-53c4-43f3-a6a9-de08416aab3e,mole.monster,available,1.99,14.45,high,low,4,dynadot,,,27/09/2026 11:53
53c70d22-5603-4355-a89b-23f8302c03af,earthworm.monster,available,1.99,17.29,high,low,9,namesilo,,,19/09/2026 06:33
3552edf6-aaca-46a5-a775-5b57cb841f63,genic.monster,available,1.8,19.98,medium,low,5,namecheap,,,18/08/2026 21:35
6ea4f42d-588d-41de-82bf-e45bdb3a9450,significant.monster,available,1.99,,high,low,11,name.com,,,
8958b12a-4d0e-4653-b0a8-f82738e17d26,drawer.monster,available,1.99,17.29,high,low,6,namesilo,,,24/09/2026 23:56
7eb77038-c0d0-430f-a9db-450b6e68a0d7,edition.monster,available,0.99,25.99,high,low,7,godaddy,,,28/09/2026 01:49
7ba0d20e-8687-4bf2-8d84-2067cbf2bc29,frankish.monster,available,1.8,19.98,medium,low,8,namecheap,,,18/08/2026 14:14
d5059cb4-5537-42c0-b4f0-eed7d85c2669,side.monster,available,1.99,17.29,high,low,4,namesilo,,,27/09/2026 21:50
b21a0989-fd84-42b7-94d3-2ebdbe0055d3,ruffled.monster,available,1.8,19.98,medium,low,7,namecheap,,,18/08/2026 15:53
ca6d11e7-a755-4520-8b94-2e2e684fa571,den.monster,available,1.99,20.99,high,low,3,name.com,,,24/09/2026 21:50
6199ab62-dc9e-4a19-8bd5-c5b35ebc445f,deserved.monster,available,1.8,19.98,high,low,8,namecheap,,,14/08/2026 03:27
95612667-c6de-435c-abf9-872b1cf55801,hexagonal.monster,available,1.8,19.98,medium,low,9,namecheap,,,21/08/2026 07:50
4dab3f36-5f6e-4176-a40d-6c9a68d29e85,superbly.monster,available,1.99,,high,low,8,name.com,,,
beb6b2cb-4d24-460f-956f-3450096a7af9,drummond.monster,available,1.99,17.29,medium,low,8,namesilo,,,25/09/2026 15:26
edc66602-3b7b-4d72-998d-b66ced5b4e6c,tenormin.monster,available,1.5,21.98,medium,low,8,namecheap,,,20/09/2026 20:11
63c04274-bcc7-4ee9-8f44-25e671d6779e,throwback.monster,available,1.5,21.98,high,low,9,namecheap,,,11/09/2026 15:00
d65d5621-689e-4a22-ae80-66bb48166e95,badness.monster,available,1.8,19.98,medium,low,7,namecheap,,,08/08/2026 07:23
b45b4792-d23b-4ad6-923d-4b585c0184e4,posts.monster,available,1.5,21.98,medium,low,5,namecheap,,,19/09/2026 00:49
50253255-5e63-4efb-a521-a20bed45a547,jailhouse.monster,available,1.5,21.98,medium,low,9,namecheap,,,08/09/2026 22:44
00871ed4-398f-4abd-93f6-fbf3f815b326,dogfight.monster,available,1.5,21.98,high,medium,8,namecheap,,,09/09/2026 18:56
85830107-a48d-4caa-a081-e76498240c27,uplifted.monster,available,1.5,21.98,high,low,8,namecheap,,,12/09/2026 23:11
3cdd4d59-649a-4c27-8394-3e4a0c58390f,violated.monster,available,1.99,17.29,medium,low,8,namesilo,,,27/09/2026 07:04
19fa63c7-29d0-45f3-9941-edc942825b6a,orwellian.monster,available,1.5,21.98,medium,low,9,namecheap,,,04/09/2026 18:08
cbec19a9-e7c7-4d9f-9100-3c51f9bba852,month.monster,available,1.99,,high,low,5,name.com,,,
c817ef7d-dc88-4680-af74-bca730154d05,brunch.monster,available,1.99,17.29,high,low,6,namesilo,,,24/09/2026 10:54
6e5f3a81-b7f9-4102-b940-4cdcd24a5824,reverting.monster,available,1.5,21.98,medium,low,9,namecheap,,,09/09/2026 15:58
1be5155f-d7b5-4a96-8b0a-a7d02f2dac08,riskily.monster,available,1.5,21.98,low,low,7,namecheap,,,15/09/2026 23:50
b5effce3-fc0c-4ef8-a73c-6145952e26f4,azurite.monster,available,1.99,17.29,high,low,7,namesilo,,,21/09/2026 11:39
a4863ecb-7334-4b6d-aead-372ff4838dd0,affairs.monster,available,1.99,17.29,high,low,7,namesilo,,,17/09/2026 14:09
956c3053-8909-4d5b-a4ac-25447d38ecc4,skies.monster,available,1.5,21.98,medium,low,5,namecheap,,,18/09/2026 07:49
da57fe9c-6c28-4ff9-9691-8189d7b1170e,francium.monster,available,1.99,17.29,medium,low,8,namesilo,,,20/09/2026 23:59
0ad06e39-cf6f-457f-a2da-86858ceb8b62,fore.monster,available,1.8,19.98,high,low,4,namecheap,,,18/08/2026 11:26
e50cd836-5738-489a-819a-6c340db743bc,adiabatic.monster,available,1.8,19.98,medium,low,9,namecheap,,,
7aa72cb7-27b9-4227-8e77-6f19ce7e68a5,personnel.monster,available,1.18,13.97,high,low,9,spaceship,,,27/09/2026 15:14
2bc00442-0ec1-4682-b78f-7729098fcbae,bagman.monster,available,1.5,21.98,medium,low,6,namecheap,,,21/09/2026 18:10
65195006-2415-45b8-ab2b-d8d4f2ab363c,zaftig.monster,available,1.5,21.98,medium,low,6,namecheap,,,13/09/2026 14:56
3cf085a6-4572-4d6c-9883-8be8c04f5b47,edgeless.monster,available,1.8,19.98,medium,low,8,namecheap,,,15/08/2026 08:37
2ad1d80b-e34c-44f9-8728-e816be970655,directing.monster,available,1.5,21.98,high,low,9,namecheap,,,24/09/2026 10:51
4fc949ed-82dd-4409-83a0-f2afd1681690,eyesight.monster,available,1.99,15.75,high,low,9,namesilo,,,
e93f5931-b27c-4eef-8303-aa9b36ac9e81,loud.monster,available,1.5,21.98,high,low,4,namecheap,,,24/09/2026 19:25
57ac0260-e751-4db6-ae25-09c35e3c70a7,beseeching.monster,available,1.8,19.98,medium,low,10,namecheap,,,09/08/2026 15:20
73285047-ec36-4d81-be1a-4f9ea36ccead,nonuple.monster,available,1.5,21.98,low,low,7,namecheap,,,03/09/2026 17:30
36b69aee-6e97-4efe-9c4a-c86911ddb6e5,knower.monster,available,1.99,17.29,medium,low,6,namesilo,,,19/09/2026 22:14
8b9bff71-79c9-450e-b836-ffd8e4e50b78,greenwing.monster,available,1.99,17.29,medium,low,9,namesilo,,,19/09/2026 02:56
1993ea2b-22c6-427a-a07e-1ac7690d251b,mile.monster,available,1.99,,high,low,4,name.com,,,
b936679d-64ba-4b43-9d09-305db4e991e6,idiot.monster,available,1.99,17.29,high,low,5,namesilo,,,28/09/2026 05:02
541d217c-5d51-413f-bbcc-9319830fe917,blackball.monster,available,1.5,21.98,medium,low,9,namecheap,,,03/09/2026 15:03
2c5b5416-61d4-490e-bbfe-a6c78365c974,piss.monster,available,1.99,,high,low,4,name.com,,,
37182bc4-a228-4847-bab4-596c0ed57357,wounds.monster,available,1.5,21.98,low,low,6,namecheap,,,25/09/2026 19:23
137fab05-321f-47cc-a9ca-35d4e3ce9197,sloped.monster,available,1.8,19.98,medium,low,6,namecheap,,,07/08/2026 04:26
482d59ae-c9f1-4f6e-84ed-a059c5e4ce09,achillea.monster,available,1.99,17.29,medium,low,8,namesilo,,,17/09/2026 00:35
b8916f2c-241b-4b1d-b364-af57970037ac,goldilocks.monster,available,1.99,17.29,high,low,10,namesilo,,,20/09/2026 17:03
2d76a413-86dd-48ea-83d6-94ac6674b648,folly.monster,available,1.5,21.98,high,low,5,namecheap,,,23/09/2026 11:19
8be90d8c-afcc-4499-afb6-9e84ae5c3a06,berserk.monster,available,1.8,19.98,medium,low,7,namecheap,,,
b807e03d-1cdd-491f-b4d3-8afd1ef09418,beerbohm.monster,available,1.99,17.29,medium,low,8,namesilo,,,23/09/2026 01:47
06d0881d-24fd-4cc8-bb16-ef865bec55b6,aiken.monster,available,1.5,21.98,high,low,5,namecheap,,,17/09/2026 21:01
068cbd37-7f60-4f21-94d4-e78b1c81cb5d,shaven.monster,available,1.5,21.98,high,medium,6,namecheap,,,10/09/2026 06:07
29f45600-f2fc-4f0d-bfd0-5b872f45d80b,arsine.monster,available,1.99,17.29,medium,low,6,namesilo,,,20/09/2026 09:42
2bf8703e-becf-416b-bbe8-cdba02a609f7,wentworth.monster,available,1.99,17.29,medium,low,9,namesilo,,,25/09/2026 21:47
8baaacec-1e86-4c79-adc9-4277a83e7f7c,lutecium.monster,available,1.5,21.98,medium,low,8,namecheap,,,20/09/2026 23:39
2e3da449-8d41-4649-9e8f-bbdbf4a3550b,lucullan.monster,available,1.8,19.98,medium,low,8,namecheap,,,24/08/2026 11:00
a486e51f-7987-4e59-a797-f346e4c15ef4,bulla.monster,available,1.99,17.29,medium,low,5,namesilo,,,24/09/2026 05:20
1b5e822c-a2f7-409c-beeb-ae54a545b536,presented.monster,available,12.3,10.2,medium,low,9,cloudflare,,,28/09/2026 08:35
3dbad5ad-fdd9-416e-b4db-376225fb0a08,resignation.monster,available,1.99,,high,low,11,name.com,,,
e71947a9-982f-41d9-b542-36257456400b,dampness.monster,available,1.99,20.99,medium,low,8,name.com,,,13/08/2026 16:45
cb7e4262-af4f-4de4-a32a-8ad5ad5f0c24,typic.monster,available,1.5,21.98,medium,low,5,namecheap,,,11/09/2026 22:29
c3b13cb2-e292-4d6f-b096-a6956df850e6,exclaimed.monster,available,1.99,17.29,medium,low,9,namesilo,,,18/09/2026 01:31
3564d7b7-5ee4-4b5d-896b-4ee10742db6d,flavorsome.monster,available,1.8,19.98,medium,low,10,namecheap,,,18/08/2026 07:12
0811d392-5d33-4fd3-87f4-ab4a0b38e5a6,avionics.monster,available,1.99,17.29,high,low,8,namesilo,,,21/09/2026 09:35
032425e0-9df0-4cec-a61c-93db92d828e0,dinnertime.monster,available,1.99,17.29,high,low,10,namesilo,,,24/09/2026 22:22
3c01cb8e-71d1-48a9-888c-79ae8c0c6ddd,acerbity.monster,available,1.99,17.29,medium,low,8,namesilo,,,16/09/2026 23:41
a1c9d05f-79e4-47a3-8d99-8adb3d69fa39,teammate.monster,available,1.99,,high,low,8,name.com,,,
3679b32c-cc7c-4640-b092-7590c6bff30b,casteless.monster,available,1.8,19.98,medium,low,9,namecheap,,,11/08/2026 20:25
dbf358c3-a584-40af-8f24-f5ebd5ea2e04,pamphlet.monster,available,1.99,17.29,high,low,8,namesilo,,,24/09/2026 07:11
8f7a43ba-910e-4104-8f10-7eaf1f5ef7f2,bbc.monster,premium,242,14.28,high,medium,3,namesilo,,,
62f5d1b8-18d0-4214-8a77-af6816d56f15,learnt.monster,available,1.99,,medium,low,6,name.com,,,
0ab5b9e8-770c-47cb-993e-0ea86b69bbe2,dslr.monster,available,1.99,15.75,high,low,4,namesilo,,,
3368234b-eaa6-48af-8314-fb0bc26e7911,lxxxiii.monster,available,1.8,19.98,medium,low,7,namecheap,,,
b87d3c6b-68b5-4f6a-90a9-d9293dcfb45f,tertiary.monster,available,1.8,19.98,medium,low,8,namecheap,,,
da3b4c8d-a816-430b-8c0f-c282433cbd6d,duplicity.monster,available,1.8,19.98,medium,low,9,namecheap,,,14/08/2026 16:52
3dade45e-3700-4d99-af7a-a328cf55b14b,conceptual.monster,available,1.8,19.98,high,low,10,namecheap,,,12/08/2026 20:05
1f312c86-8c9f-4eb5-9087-daf4bcfd21cf,stephenson.monster,available,1.99,17.29,medium,low,10,namesilo,,,25/09/2026 06:30
4b5e0d12-1f62-4906-a595-05883649b3b4,unasked.monster,available,1.5,21.98,medium,low,7,namecheap,,,12/09/2026 01:10
016290b1-9759-45bf-843b-97cb561be361,newtonian.monster,available,1.5,21.98,medium,low,9,namecheap,,,03/09/2026 16:55
3859fc0e-5121-401d-9585-c9b63536a7e3,congressman.monster,available,1.18,13.97,high,low,11,spaceship,,,28/09/2026 04:59
e13b5912-d229-4fab-b3e1-7639653f6a45,alcidae.monster,available,1.5,21.98,medium,low,7,namecheap,,,18/09/2026 04:02
2d11f308-f3f1-4f30-a2f3-ca614796dc31,panipat.monster,available,1.99,17.29,medium,low,7,namesilo,,,22/09/2026 15:36
dc130797-cbdb-4398-98eb-7f48b3b29725,runproof.monster,available,1.8,19.98,medium,low,8,namecheap,,,22/08/2026 18:28
8648fc3e-3a17-400e-83e4-796e13279e3f,between.monster,available,1.99,15.75,high,low,7,namesilo,,,
633f0b31-aee3-4009-87e8-fd7df653b87f,lifting.monster,available,1.99,14.45,high,low,7,dynadot,,,28/09/2026 04:32
e217ff0e-a050-4e1f-8207-7214f6267a6a,mediated.monster,available,1.8,19.98,medium,low,8,namecheap,,,24/08/2026 18:53
b546b56a-0c9f-47cc-ba0a-85f54b929aa7,lille.monster,available,1.99,17.29,high,low,5,namesilo,,,28/09/2026 06:10
fccc3b03-cca0-4da6-bf0d-7094a833b482,nne.monster,available,1.5,21.98,high,low,3,namecheap,,,15/09/2026 16:50
904c97fb-cfd5-4549-8943-4ab8ad55a998,analyzer.monster,available,1.99,17.29,high,low,8,namesilo,,,19/09/2026 01:55
9e20a73c-ddd7-487c-9783-dcf43c833354,laxative.monster,available,1.8,19.98,high,low,8,namecheap,,,22/08/2026 21:25
2056a875-8f25-44df-adcf-291c003d5900,tailed.monster,available,1.5,21.98,high,low,6,namecheap,,,11/09/2026 07:08
b04f9136-de44-4c25-a41f-a6015c0effa1,kurakkan.monster,available,1.99,17.29,medium,low,8,namesilo,,,17/09/2026 15:21
7b05c464-957f-43ba-a679-b06dac935339,underived.monster,available,1.5,21.98,medium,low,9,namecheap,,,12/09/2026 07:29
71d92c99-e314-4584-aa8d-4440811eb6df,southmost.monster,available,1.5,21.98,high,medium,9,namecheap,,,10/09/2026 14:55
4b20ccbf-cfaa-4ea8-985e-26c07a08d16f,pertly.monster,available,1.5,21.98,medium,low,6,namecheap,,,15/09/2026 02:17
ad14d7c4-81e5-40df-9bde-925a8ad4ff29,communication.monster,available,1.99,17.29,high,low,13,namesilo,,,25/09/2026 03:16
61248205-2684-4336-a241-248827355679,volunteering.monster,available,1.5,21.98,high,low,12,namecheap,,,17/09/2026 09:33
36a216e7-5d91-407a-baa9-8929d0d40fe7,inured.monster,available,1.8,19.98,medium,low,6,namecheap,,,17/08/2026 10:01
dc141ce5-907d-44d5-8221-88f7efd31091,chary.monster,available,1.8,19.98,medium,low,5,namecheap,,,12/08/2026 02:59
8178d9f5-8f3c-49be-bcf0-178fca156929,fragmented.monster,available,1.8,19.98,medium,low,10,namecheap,,,14/08/2026 13:27
139077b9-d9a5-4fc0-ad9d-a37b7ef7c65a,rhythmic.monster,available,1.99,17.29,high,low,8,namesilo,,,27/09/2026 14:50
38873739-bb15-4216-8062-407414e87caf,analyze.monster,available,1.99,,high,low,7,name.com,,,
c4dcbb4b-efe3-4959-a000-1d5147423719,appease.monster,available,1.8,19.98,high,low,7,namecheap,,,18/08/2026 22:08
8f04b668-833d-42a7-9fc8-397617bd178f,snap.monster,resell,,,high,medium,4,"NameSilo, LLC",01/04/2019 14:07,01/04/2027 23:59,26/09/2026 09:06
3f5a14d3-734a-47c7-a268-776b68673c91,phosphorus.monster,available,1.5,21.98,medium,low,10,namecheap,,,20/09/2026 22:25
faee9a1c-90a5-4036-88ec-6c0411819bce,dartmouth.monster,available,1.99,17.29,medium,low,9,namesilo,,,25/09/2026 04:45
eaee1605-9b34-4822-b960-9af62a92a8fd,eighteen.monster,available,1.99,17.29,high,low,8,namesilo,,,21/09/2026 11:58
1eec4893-5990-4ad3-8afc-264ae71ab93e,barrymore.monster,available,1.99,17.29,high,low,9,namesilo,,,22/09/2026 08:52
13b59c01-c441-4fca-a699-04064e6efe96,livid.monster,available,1.8,19.98,medium,low,5,namecheap,,,07/08/2026 02:24
bcdbbb37-f53b-408f-9d93-67a9a35e287b,audit.monster,resell,,,high,low,5,"Spaceship, Inc.",17/01/2026 15:57,17/01/2027 23:59,26/09/2026 04:08
d2244c51-8940-46ad-8b53-61b7993d8df7,themself.monster,available,1.99,,medium,low,8,name.com,,,
e6fe2e1b-cf57-49ec-b87b-3cd09d583471,epidural.monster,available,1.8,19.98,high,low,8,namecheap,,,17/08/2026 10:52
4054a8f1-2bdd-45b0-b5e4-8a06c008746c,montrose.monster,available,1.18,13.97,medium,low,8,spaceship,,,28/09/2026 04:14
6040d1bf-badd-4a70-9486-c1c6ea87e658,downfall.monster,available,1.99,17.29,medium,low,8,namesilo,,,24/09/2026 23:39
cb1a1db8-3e06-4ddd-82a9-cc2140ac2f7e,foothold.monster,available,1.99,17.29,high,low,8,namesilo,,,24/09/2026 10:16
da8cf035-1f15-472e-9e76-e92023df191c,waterborne.monster,available,1.5,21.98,medium,low,10,namecheap,,,13/09/2026 08:36
21d93347-5a33-4616-8c21-f8cdad502712,univalent.monster,available,1.5,21.98,medium,low,9,namecheap,,,12/09/2026 14:00
e9a56d1a-12c0-4fc6-a6ef-96952afbfb7d,jawless.monster,available,1.8,19.98,medium,low,7,namecheap,,,22/08/2026 12:34
978af3c9-98dc-42b7-a473-96d3fb3b60de,flemish.monster,available,1.8,19.98,high,low,7,namecheap,,,18/08/2026 07:56
d56cc4fe-d86e-4788-96f0-6d2ced37e924,tricuspid.monster,available,1.5,21.98,medium,low,9,namecheap,,,11/09/2026 19:29
dcdabcee-c281-43f8-b3f8-d2069dd9a2d1,risen.monster,available,1.5,21.98,high,low,5,namecheap,,,27/09/2026 15:29
b9ff6b39-88a8-4edf-a100-cd6b3480b8ae,bennie.monster,available,1.99,17.29,high,low,6,namesilo,,,23/09/2026 08:32
543a9245-023c-4c8a-b56f-44c9e841ede2,intentions.monster,available,1.99,14.45,medium,low,10,dynadot,,,27/09/2026 22:32
3b349938-bb17-4deb-bd92-b9b88c36de8d,enliven.monster,available,1.99,17.29,high,low,7,namesilo,,,22/09/2026 04:56
9adc100c-93d2-45b5-839f-cbfb517ab283,gulf.monster,available,1.99,15.75,high,low,4,namesilo,,,
ecfd908d-5362-4339-ae2c-0ecb4c0acf6c,anisoptera.monster,available,1.99,17.29,medium,low,10,namesilo,,,19/09/2026 09:34
b8b371cf-8f69-42cd-8345-b14c7b4d5ab7,geocentric.monster,available,1.8,19.98,medium,low,10,namecheap,,,18/08/2026 22:16
cd051e92-afcc-401d-99ed-68b88058b7d2,premise.monster,available,1.99,17.29,high,low,7,namesilo,,,20/09/2026 16:37
63e66c27-40bb-4c59-8dd1-1240453f30c8,commensal.monster,available,1.8,19.98,medium,low,9,namecheap,,,12/08/2026 19:08
ee4e0a07-d231-4e08-a089-cae0de6ad03f,unbuttoned.monster,available,1.5,21.98,medium,low,10,namecheap,,,12/09/2026 04:42
aab42b5d-6d58-43be-996d-9074ebe12fe1,powerfully.monster,available,1.5,21.98,high,low,10,namecheap,,,15/09/2026 21:10
2140527b-0155-47b5-a3ed-eef609df8c88,bohrium.monster,available,1.99,17.29,medium,low,7,namesilo,,,20/09/2026 22:07
46ade926-f3d3-4d9e-ac5a-26ba0cf46c37,conceptive.monster,available,1.8,19.98,high,low,10,namecheap,,,12/08/2026 20:03
5f9f62dc-ae24-47ee-aecd-b47e6fdc6fe9,jacobson.monster,available,1.18,13.97,high,low,8,spaceship,,,28/09/2026 04:07
e869e92a-a55a-464f-8ddf-0fdc78fc9fa3,scratchy.monster,available,1.8,19.98,medium,low,8,namecheap,,,
bef4ebd8-8208-4f37-861d-e1abcb866738,caudate.monster,available,1.8,19.98,high,low,7,namecheap,,,11/08/2026 22:26
4d06b99a-1211-46ef-b6bd-fdfd8a713098,thrilling.monster,available,1.8,19.98,high,low,9,namecheap,,,16/08/2026 02:41
1880e6a3-1da6-4b50-925a-57ca14782bda,sampson.monster,available,1.99,17.29,medium,low,7,namesilo,,,27/09/2026 01:42
ede05dfb-0ea7-4a39-b7a5-10bbc99e44cd,cochlear.monster,available,1.8,19.98,medium,low,8,namecheap,,,12/08/2026 14:45
43874af1-bc7e-4889-978a-932c48fb4219,hydroponic.monster,available,1.8,19.98,medium,low,10,namecheap,,,06/08/2026 10:34
8564144b-4d92-4932-86dc-dc415dfaf90b,capt.monster,available,1.5,21.98,high,low,4,namecheap,,,25/09/2026 12:23
1f7961c1-cd60-46ad-9d36-4113b6021ac5,copper.monster,resell,,,high,low,6,Ledl.net GmbH & Co KG,21/08/2026 04:16,21/08/2027 23:59,26/09/2026 05:15
8b4b1555-442b-42a5-bf45-03afcc278cca,minded.monster,available,1.8,19.98,high,low,6,namecheap,,,24/08/2026 23:35
42b6d7f9-f02c-42df-8255-032c83466e45,avahi.monster,available,1.99,17.29,medium,low,5,namesilo,,,21/09/2026 08:36
e9e7e482-0211-40c7-94bb-13c018c7457c,mold.monster,resell,,,high,low,4,"GoDaddy.com, LLC",10/12/2025 12:50,10/12/2026 23:59,26/09/2026 07:36
c9c17e97-2166-44a4-a04a-c1bcce04498e,advocacy.monster,available,1.99,17.29,high,low,8,namesilo,,,17/09/2026 11:40
cf671cd7-9335-42a6-9c8f-e0e613a73e88,luxuriant.monster,available,1.8,19.98,high,low,9,namecheap,,,15/08/2026 22:14
ffe1c1ce-f62d-423e-8eb4-ad20e0379b56,salable.monster,available,1.5,21.98,high,medium,7,namecheap,,,09/09/2026 20:50
73b1b76d-5d24-4f1e-8935-8e485755dc16,cocacola.monster,available,1.99,17.29,high,high,9,namesilo,,,17/09/2026 07:18
8f01a65f-acf1-41de-9fa3-ae1d2a43abaa,amebous.monster,available,1.8,19.98,medium,low,7,namecheap,,,
f3844a9f-e17c-4462-9418-b84649f8f1b0,doodle.monster,available,1.99,17.29,high,low,6,namesilo,,,24/09/2026 23:30
0bbc1c2b-cbb5-46ba-881d-f5a89dec4156,unaccented.monster,available,1.5,21.98,medium,low,10,namecheap,,,11/09/2026 23:32
7f1f979c-c548-4bc8-ac8b-f9f2d8460e1f,batty.monster,available,1.8,19.98,medium,low,5,namecheap,,,06/08/2026 20:35
fa0efc7f-e8c7-498f-8e10-992cb6099a39,stirring.monster,available,1.5,21.98,high,medium,8,namecheap,,,09/09/2026 19:07
2a47e38d-8790-43ea-aec4-5739b2b53ab2,bra.monster,available,1.99,15.75,high,low,3,namesilo,,,
feff4be2-56cb-4011-8104-661c27141ccd,unpassable.monster,available,1.8,19.98,medium,low,10,namecheap,,,21/08/2026 21:49
c00bbd1f-40b9-40fb-979b-16aad1439ad7,malt.monster,available,1.8,19.98,high,low,4,namecheap,,,24/08/2026 14:13
9d23a0fe-68be-455a-9c96-6ddda0c3bb6b,tasty.monster,available,1.5,21.98,high,low,5,namecheap,,,11/09/2026 09:04
91a25f9d-c507-45d1-8dcd-9074f1f84400,fabric.monster,resell,1.99,,high,low,6,"Spaceship, Inc.",03/04/2026 17:59,03/04/2027 23:59,26/09/2026 05:59
483206e5-03f6-48bb-a886-ec271e2a2092,lemonlike.monster,available,1.8,19.98,medium,low,9,namecheap,,,22/08/2026 23:27
e0821d51-b04a-4bd4-bea0-16f770ca8e81,now.monster,resell,,,high,medium,3,Dynadot Inc,13/02/2026 01:27,13/02/2027 23:59,28/09/2026 01:14
c5ba65ca-679f-48fa-9e91-7204b1c2ed38,aeneas.monster,available,1.99,17.29,medium,low,6,namesilo,,,17/09/2026 12:27
82fe3090-0f40-48e9-9fcd-84c2913743a6,bulletin.monster,available,1.5,21.98,high,low,8,namecheap,,,24/09/2026 11:08
0a28ba54-6226-4810-ba23-f8fd5cc3e1da,weekend.monster,available,1.99,17.29,high,low,7,namesilo,,,26/09/2026 00:30
e3f9c5c1-4f10-4b24-be55-89e68bc28492,postoffice.monster,available,1.99,,high,low,11,name.com,,,
5962495c-b6bd-4cf7-b976-4d8060ca16cf,humans.monster,available,,,high,medium,6,,,,
6e809cff-bc53-44c5-ab05-3d6c85b4f814,heed.monster,available,1.5,21.98,high,low,4,namecheap,,,08/09/2026 10:58
3209c00e-c95f-4a80-899d-f5d38cdea130,arbitrager.monster,available,1.99,17.29,medium,low,10,namesilo,,,20/09/2026 00:30
6981c1e3-3ff6-4231-af94-433d1d83fb70,fearsome.monster,available,1.8,19.98,medium,low,8,namecheap,,,14/08/2026 08:55
a1068b2e-f6c8-4629-831e-a7d5b0d7562e,antecedent.monster,available,1.8,19.98,high,low,10,namecheap,,,
d8cd3535-1db1-4bcd-9b8c-861c21f4408f,row.monster,available,1.99,17.29,high,low,3,namesilo,,,25/09/2026 05:05
b2e54a31-f516-42b0-89be-250afe41c1bd,aguacate.monster,available,1.8,19.98,medium,low,8,namecheap,,,07/08/2026 23:46
ece42f92-7a70-49be-abe9-38b0c250e64e,sirach.monster,available,1.5,21.98,medium,low,6,namecheap,,,23/09/2026 07:34
1fc5f260-3358-41a4-95df-bd12e22ee24c,serious.monster,available,1.99,17.29,high,low,7,namesilo,,,24/09/2026 23:04
0d6e7751-da35-49ed-9706-e6e827b2bb81,attained.monster,available,1.8,19.98,medium,low,8,namecheap,,,07/08/2026 15:07
5360c1d8-5439-469b-a4ae-39be28d404c5,francois.monster,available,1.5,21.98,high,low,8,namecheap,,,27/09/2026 07:39
b2a70472-3e0b-44eb-9152-9dd7e986236e,planes.monster,available,1.5,21.98,high,low,6,namecheap,,,17/09/2026 03:50
134f9587-2223-4895-b998-416e62991721,scenes.monster,available,1.99,17.29,high,low,6,namesilo,,,18/09/2026 15:27
fad8ec9a-568c-49c4-8d31-229724d07b5b,eery.monster,available,1.8,19.98,medium,low,4,namecheap,,,15/08/2026 12:45
96158860-8e4a-4849-be5b-6222513c0914,farmer.monster,available,1.5,21.98,high,low,6,namecheap,,,08/09/2026 06:02
41083226-4315-41bb-9214-3b0295ca7b0d,hollows.monster,available,1.99,17.29,low,low,7,namesilo,,,20/09/2026 18:42
4b1f64ed-acd6-4e5c-b72a-69bfb69b37cb,onstage.monster,available,1.5,21.98,high,low,8,namecheap,,,16/09/2026 19:36
5b80dbc0-24f8-45c7-a400-32fc72c338bb,nightmare.monster,resell,,,high,low,9,"GoDaddy.com, LLC",16/03/2025 18:25,16/03/2027 23:59,26/09/2026 07:47
1fca26e0-94ee-41cf-9f6d-ebdfc654bb1c,antiblack.monster,available,1.8,19.98,low,low,9,namecheap,,,
c1501d31-9111-4610-a218-29fbc25af448,linnaeus.monster,available,1.99,17.29,medium,low,8,namesilo,,,28/09/2026 05:24
fc61c6c5-43d7-43b6-a426-92b529625cde,kilogramme.monster,available,1.99,,medium,low,10,name.com,,,
ca778ace-6ade-449e-9019-c843a96ff066,pinned.monster,available,1.18,13.97,medium,low,6,spaceship,,,28/09/2026 05:02
45bb6224-c93e-4243-998e-5afd52749f0a,weed.monster,resell,,,high,low,4,"NameSilo, LLC",01/04/2019 13:59,01/04/2027 23:59,26/09/2026 10:06
61a1da4a-4735-41cd-896e-b356276249ac,meatless.monster,available,1.8,19.98,medium,low,8,namecheap,,,24/08/2026 18:33
5f8cab64-89b8-423d-9576-8ed42ae9ea6a,warmed.monster,available,1.5,21.98,high,low,6,namecheap,,,13/09/2026 08:22
47998d56-05a6-4d30-aaa0-714530900d48,outing.monster,available,1.99,,high,low,6,name.com,,,
101a9abe-74a8-4fd8-9351-d890e290e214,joint.monster,available,1.5,21.98,high,low,5,namecheap,,,22/09/2026 08:50
5bcc43e4-c070-4f8e-8163-a8e5cf829820,appointed.monster,available,1.8,19.98,high,low,9,namecheap,,,06/08/2026 07:21
ce8b4d15-16ae-49ce-bd28-f24312d0cd39,moral.monster,available,1.5,21.98,high,low,5,namecheap,,,25/09/2026 21:40
8cd606a7-c380-490c-b080-d95061fdbe85,misguided.monster,available,1.8,19.98,medium,low,9,namecheap,,,21/08/2026 18:57
b1edf9b4-9e5a-47d6-9af2-5701ab765633,oaxaca.monster,available,1.18,13.97,high,low,6,spaceship,,,28/09/2026 06:30
158a1dcf-96aa-4f59-8f87-0846d427642e,investing.monster,available,1.18,13.97,high,low,9,spaceship,,,28/09/2026 02:40
b4da8719-92dc-4a76-b24a-f3016384f1da,slew.monster,available,1.8,19.98,high,low,4,namecheap,,,25/08/2026 00:42
daf7cd42-c6c0-47f4-9996-6967052ba975,uptight.monster,available,1.8,19.98,high,low,7,namecheap,,,15/08/2026 09:30
c1641020-0ef9-4e59-ab65-787b0c2dec37,refusing.monster,available,1.99,17.29,low,low,8,namesilo,,,17/09/2026 15:40
6e9dbed7-090a-46e2-a027-324e9597b1fa,tantalize.monster,available,1.5,21.98,medium,low,9,namecheap,,,21/09/2026 19:52
cfb0d0c5-32d5-42c7-8cf2-feafb8679d73,slav.monster,available,1.5,21.98,high,low,4,namecheap,,,10/09/2026 10:28
31a55d75-b827-47c8-97eb-ae54ee70e8a8,velocities.monster,available,1.99,17.29,medium,low,10,namesilo,,,18/09/2026 19:40
64405a4f-cdfb-4447-b12c-e352af95c512,aureole.monster,available,1.99,20.99,high,low,7,name.com,,,21/09/2026 04:18
a4555c40-4c2c-4cf3-b71b-7f72227911c9,academy.monster,resell,,,high,low,7,"Spaceship, Inc.",17/01/2026 15:57,17/01/2027 23:59,26/09/2026 01:19
cb7567b2-3e83-47ae-b28f-7cd1d32e504d,octet.monster,available,1.8,19.98,high,low,5,namecheap,,,
1924671d-f6d7-44cd-9fef-043bb3613ebb,declare.monster,available,1.99,17.29,high,low,7,namesilo,,,27/09/2026 16:32
988054ec-3cd2-42ad-8dde-ea87c235f0a9,candle.monster,resell,,,high,low,6,"Spaceship, Inc.",11/08/2026 20:52,11/08/2027 23:59,26/09/2026 04:44
c61896ed-bb39-40ab-9ed9-cf84a0c0d5db,leiden.monster,available,1.99,17.29,medium,low,6,namesilo,,,25/09/2026 23:25
9c3a0c17-6be9-4b48-bbc5-87646925536f,patientcare.monster,available,1.99,,high,low,11,name.com,,,
db1f188c-176f-4f04-bbfd-6918d5d822a4,anatomic.monster,available,1.8,19.98,medium,low,8,namecheap,,,
627ad580-8fab-4060-be88-e0de7268f5a4,guiding.monster,available,1.8,19.98,high,low,7,namecheap,,,14/08/2026 08:49
028f7b00-11e3-4357-81b5-5c15a2244ecc,steriliser.monster,available,1.99,17.29,medium,low,10,namesilo,,,21/09/2026 06:06
8bef2933-8545-47f0-9b46-50a68aa588e3,egoistic.monster,available,1.8,19.98,medium,low,8,namecheap,,,15/08/2026 18:54
ae6dc181-f39f-479b-94e2-a078535c2973,avignon.monster,available,1.5,21.98,high,low,7,namecheap,,,21/09/2026 09:35
c8b6421b-ad42-496f-9346-bb210a0f61ef,vatic.monster,available,1.8,19.98,low,low,5,namecheap,,,14/08/2026 13:52
a98bee49-55ec-42b2-9e0e-a8f386ae24e6,shakable.monster,available,1.5,21.98,medium,low,8,namecheap,,,10/09/2026 05:32
666e47f6-938a-4efc-bb17-7a1df0ff82c8,mistakes.monster,available,1.5,21.98,medium,low,8,namecheap,,,16/09/2026 10:20
9075ab8e-a828-4274-bb6a-267701c66226,furthest.monster,available,1.99,17.29,medium,low,8,namesilo,,,24/09/2026 17:07
445c56c1-e441-446d-9cda-2d1fd5cf6eee,drizzling.monster,available,1.8,19.98,medium,low,9,namecheap,,,14/08/2026 19:38
7548080e-0945-4bba-b763-9317cd73d039,bollock.monster,available,1.99,17.29,medium,low,7,namesilo,,,21/09/2026 23:08
edd6e9f3-f631-457f-8288-c6c888e84486,aries.monster,available,1.5,21.98,high,low,5,namecheap,,,20/09/2026 05:23
5925d737-0663-4cff-b28f-860591057f08,unstaged.monster,available,1.5,21.98,medium,low,8,namecheap,,,12/09/2026 20:29
7ab83a35-4afa-4919-9793-10d4fe6f7318,unhindered.monster,available,1.5,21.98,medium,low,10,namecheap,,,12/09/2026 11:55
5a164ab1-6656-483e-a7d1-9708ba6d874a,maps.monster,premium,625,20.99,high,low,4,name.com,,,
54e0ed08-b95f-445b-ba18-ae92be6aa054,sutton.monster,available,1.99,17.29,high,low,6,namesilo,,,25/09/2026 16:50
814ea6d8-2566-4721-b32c-1307216717eb,doughy.monster,available,1.8,19.98,medium,low,6,namecheap,,,14/08/2026 17:03
7be971a7-fea3-413a-9dda-7e397993e11a,unsecured.monster,available,1.5,21.98,medium,low,9,namecheap,,,12/09/2026 01:41
1f867b36-ff46-4dee-a1fb-043ad5bd5c0e,operable.monster,available,1.5,21.98,medium,low,8,namecheap,,,04/09/2026 16:20
980f3d29-ae8e-4b03-8f91-a928efbdbcb8,artemia.monster,available,1.5,21.98,medium,low,7,namecheap,,,20/09/2026 10:09
70d63b5c-35ef-46c7-8224-1ef5ff164293,ambiguous.monster,available,1.8,19.98,high,low,9,namecheap,,,
6c4ffeb0-8fe3-4519-aba5-494d5c58a5e3,beauteous.monster,available,1.8,19.98,medium,low,9,namecheap,,,09/08/2026 05:58
92670b56-fee7-4417-8f78-ec07ab34d03e,sinewy.monster,available,1.8,19.98,medium,low,6,namecheap,,,11/08/2026 02:52
599daa5b-9690-4095-8802-d76966a44a0e,anson.monster,available,1.5,21.98,medium,low,5,namecheap,,,28/09/2026 07:57
f068f2c5-a475-494f-9ec8-93ac8bafe8a2,thurston.monster,available,1.99,17.29,medium,low,8,namesilo,,,28/09/2026 04:06
48477d6f-fc39-4bf5-8772-6b26bb3fce85,biased.monster,available,1.8,19.98,medium,low,6,namecheap,,,09/08/2026 18:36
497ce5ea-f22d-4f46-958e-0d497d9e4a11,riddle.monster,available,1.5,21.98,high,low,6,namecheap,,,24/09/2026 08:02
0d903b9d-116d-4436-8be0-d74e415ef126,verdin.monster,available,1.99,17.29,medium,low,6,namesilo,,,21/09/2026 04:27
665e3491-a18c-43e0-8ec0-a1cdd75274c5,figural.monster,available,1.8,19.98,medium,low,7,namecheap,,,18/08/2026 03:51
317b9159-6508-4290-a8a9-aed7884d4cce,tentacular.monster,available,1.5,21.98,medium,low,10,namecheap,,,11/09/2026 11:35
8220140c-3d35-4bac-8ec7-962758692c70,curves.monster,available,1.99,15.75,medium,low,6,namesilo,,,
b80e493a-4ebb-43d3-b9c3-4bf0e29895e3,vagal.monster,available,1.5,21.98,medium,low,5,namecheap,,,08/09/2026 22:07
49a07668-b570-4ba6-8f2e-7ec5ff16545e,bellini.monster,available,1.99,17.29,high,low,7,namesilo,,,23/09/2026 06:15
d179a809-d469-4612-a9a7-847471328962,fixture.monster,available,1.5,21.98,high,medium,7,namecheap,,,09/09/2026 13:04
33ff95af-19b8-4e25-945d-b0d22edafa68,abyssinian.monster,available,1.5,21.98,high,low,10,namecheap,,,16/09/2026 19:54
b7946f09-e80a-4b0c-ac70-7daed6d47749,lock.monster,resell,,,high,low,4,"Spaceship, Inc.",02/05/2026 21:24,02/05/2027 23:59,26/09/2026 07:17
5fcaa7cb-21a5-402c-80c2-b39fb5703414,garry.monster,available,1.99,17.29,high,low,5,namesilo,,,28/09/2026 03:42
bc7c2ff0-8762-47f1-a76f-3075c496a61f,thrice.monster,available,1.99,17.29,medium,low,6,namesilo,,,16/09/2026 08:59
ac0edcea-7744-404b-a20e-1e830dddc62f,purging.monster,available,1.5,21.98,high,medium,7,namecheap,,,09/09/2026 06:17
f76bef9c-20b9-4670-9bf7-28d09b713e2f,autodidact.monster,available,1.99,17.29,high,low,10,namesilo,,,21/09/2026 06:15
2c67121a-d646-4fb4-86bb-9c894cd937b1,flossy.monster,available,1.8,19.98,medium,low,6,namecheap,,,14/08/2026 17:44
66637214-6971-46a8-ac56-540766cd4188,amaze.monster,available,1.99,17.29,high,low,5,namesilo,,,21/09/2026 17:36
8be9afa3-c75a-42f6-a804-5edb05177da4,roads.monster,available,1.99,,high,low,5,name.com,,,
287f8368-8d66-4f38-bd38-b98eaf668ab0,balancing.monster,available,1.5,21.98,high,low,9,namecheap,,,21/09/2026 20:56
ea4a9305-8544-4181-bb02-0d8f94eb990c,fueled.monster,available,1.8,19.98,medium,low,6,namecheap,,,18/08/2026 17:37
32013fc8-0ac0-4866-adaa-aceda2fbeafe,abatis.monster,available,1.99,17.29,medium,low,6,namesilo,,,16/09/2026 14:12
817dc875-89c3-4b3e-907f-5eb44a8f9a77,archery.monster,available,1.99,17.29,high,low,7,namesilo,,,20/09/2026 02:00
70cd36a1-29e8-452c-b917-f8e2d7ea5d3d,flammable.monster,available,1.8,19.98,medium,low,9,namecheap,,,18/08/2026 06:32
47f488f9-1246-44b2-9fe7-a65f8f448a98,notecase.monster,available,1.99,17.29,medium,low,8,namesilo,,,23/09/2026 16:18
cc5bd771-11b5-4ed2-b022-936120224239,barky.monster,available,1.8,19.98,medium,low,5,namecheap,,,08/08/2026 19:46
aef6bbe5-6f9a-4308-a233-d3a24e1a8457,tractors.monster,available,1.99,17.29,medium,low,8,namesilo,,,21/09/2026 06:24
60d004fb-ec74-4f0f-9c63-510563d361d0,recognizable.monster,available,1.99,,high,low,12,name.com,,,
73d6a835-c2cb-4516-9008-d4c0a7b6926b,acquiesce.monster,available,1.99,17.29,medium,low,9,namesilo,,,20/09/2026 16:11
2641a321-d110-41ed-abfa-57e92f08c1f2,selfaware.monster,available,1.5,21.98,medium,low,10,namecheap,,,10/09/2026 02:00
63c98593-1e2b-43d0-8e3e-23c6e2dbb883,davison.monster,available,1.18,13.97,high,low,7,spaceship,,,28/09/2026 04:10
86dbdfd8-b5dc-4294-b9ff-b4cc4e0feb79,allopathy.monster,available,1.99,17.29,medium,low,9,namesilo,,,18/09/2026 12:00
c6319125-31a1-4aa6-b1eb-b093d36491c3,startling.monster,available,1.5,21.98,medium,low,9,namecheap,,,10/09/2026 19:02
b83d8512-2ddb-4f6d-bde6-77de9e47a2bf,cocksucker.monster,available,1.8,19.98,medium,low,10,namecheap,,,08/08/2026 23:29
b97ebc20-c5cd-4300-aecf-d0285fc5de39,arras.monster,available,1.99,17.29,medium,low,5,namesilo,,,20/09/2026 08:49
d5af6560-6bca-41f2-9d81-0745e24578b1,blows.monster,available,1.99,17.29,medium,low,5,namesilo,,,25/09/2026 16:53
34e8dd64-0abe-4f85-8803-1a2d57922e9a,chanukkah.monster,available,1.99,15.75,medium,low,9,namesilo,,,
f61e1509-d01c-48c4-9f78-0102d354353d,reassured.monster,available,1.5,21.98,high,low,9,namecheap,,,09/09/2026 11:12
beee2764-9b86-40f8-b047-637ed45a3a7f,bale.monster,available,1.99,17.29,medium,low,4,namesilo,,,21/09/2026 21:49
dc324829-5a9d-49bf-8e43-488ab77c72d2,satisfying.monster,available,1.8,19.98,high,low,10,namecheap,,,12/08/2026 03:47
31d9ff00-fba8-4ab6-87d2-c8b3e966b86d,impressed.monster,available,1.99,,high,low,9,name.com,,,
e3202a52-ce9d-4218-8b07-68b2efd06a7b,bawl.monster,available,1.99,17.29,medium,low,4,namesilo,,,23/09/2026 06:25
680b97e3-7c46-4bfd-a84e-5662078b4b84,nominee.monster,available,1.99,,high,low,7,name.com,,,
b56d0471-e7de-4cbf-b995-70435b11903e,unedited.monster,available,1.5,21.98,medium,low,8,namecheap,,,12/09/2026 08:51
b49043ae-d28e-4a56-ba64-011cefc017f2,loath.monster,available,1.8,19.98,medium,low,5,namecheap,,,24/08/2026 08:17
c7f4039d-f6c1-4446-84b7-84a0f0a3198a,ruthenium.monster,available,1.99,17.29,medium,low,9,namesilo,,,20/09/2026 23:08
cc45ef3c-51f2-429f-8e49-294329a8a4a5,canceled.monster,available,1.99,17.29,medium,low,8,namesilo,,,27/09/2026 22:41
8810f43d-5769-4ac5-be73-c346c3826291,obdurate.monster,available,1.8,19.98,medium,low,8,namecheap,,,13/08/2026 12:15
78d76d73-32d7-4f84-b8ba-41c87e3da90a,tasselled.monster,available,1.5,21.98,medium,low,9,namecheap,,,11/09/2026 08:58
7575e397-dd36-4165-a10a-42d2593585a5,floods.monster,available,1.99,20.99,low,low,6,name.com,,,18/09/2026 19:03
4cae7d9f-f1d7-4bb0-b7ec-d76bc6acda8e,analogist.monster,available,1.99,17.29,medium,low,9,namesilo,,,19/09/2026 01:52
8e94b70f-244a-4182-b781-723b7f76f029,merit.monster,available,1.99,,high,low,5,name.com,,,
68afe726-53c6-4539-902e-55755a6572d5,altissimo.monster,available,1.8,19.98,high,low,9,namecheap,,,
a3a844a8-73c5-4d01-be18-88ba0ca0e274,provoked.monster,available,1.5,21.98,medium,low,8,namecheap,,,09/09/2026 04:38
bab397fc-261f-4b5c-be1a-cc2f5d873aa8,dachshund.monster,available,1.99,17.29,high,low,9,namesilo,,,21/09/2026 17:04
f24463ac-3563-4f66-8ac5-a93ac881194f,mousey.monster,available,1.8,19.98,medium,low,6,namecheap,,,25/08/2026 08:44
b6666ea5-d04e-4f79-9cd6-53247bbfba02,pronounce.monster,available,1.99,,high,low,9,name.com,,,
4708696e-a38f-4994-a874-73c19439868c,gamey.monster,available,1.8,19.98,medium,low,5,namecheap,,,18/08/2026 19:57
9d086295-b125-4fdf-87bb-449cfcfea693,skewed.monster,available,1.5,21.98,medium,low,6,namecheap,,,10/09/2026 09:28
9465ebaa-10c7-4fb5-8d24-ef9bd29f2a65,coalesced.monster,available,1.8,19.98,medium,low,9,namecheap,,,
a84b612c-ce4f-427e-811a-f1b941b19804,cheekbone.monster,available,1.5,21.98,high,low,9,namecheap,,,13/09/2026 15:41
e17d3956-db19-4bac-9cca-855f52246c1c,emblazon.monster,available,1.5,21.98,high,low,8,namecheap,,,24/09/2026 05:09
fcb4fc57-6d08-4b03-8f6d-16fe867295e6,successive.monster,available,1.5,21.98,high,low,10,namecheap,,,10/09/2026 04:29
39020e1e-aa13-4960-a67e-33119e3018ce,thud.monster,available,1.5,21.98,high,low,4,namecheap,,,11/09/2026 15:12
4d611b19-3988-4f60-9552-bb993e0277cd,lynchpin.monster,available,1.5,21.98,high,low,8,namecheap,,,21/09/2026 15:18
224df1b4-72cf-4a55-9524-18964b67ddd3,angolan.monster,available,,,high,low,7,,,,
ede71de4-50ee-43c5-8375-248dd8ed9bd2,anklebone.monster,available,1.5,21.98,medium,low,9,namecheap,,,19/09/2026 09:43
b3b1cbaf-46b3-477b-9b04-c9ab7d5b016f,yemeni.monster,available,1.5,21.98,high,low,6,namecheap,,,13/09/2026 14:34
7a9f0fb3-8587-4731-8321-b25b920572af,cantonal.monster,available,1.8,19.98,medium,low,8,namecheap,,,11/08/2026 17:44
4e1d6a7f-c349-497b-b8ab-5949cf029a86,ammonium.monster,available,1.5,21.98,high,low,8,namecheap,,,18/09/2026 22:10
97a6f4bc-512a-4727-b047-6ee0b59609f8,sunlit.monster,available,1.5,21.98,high,low,6,namecheap,,,11/09/2026 01:59
66f972e6-b29b-490f-ba30-b2264ea3d69b,lovesome.monster,available,1.8,19.98,medium,low,8,namecheap,,,
1c43ea7f-cfda-47e0-a266-02beaf000db2,reborn.monster,resell,,,high,low,6,"Spaceship, Inc.",16/06/2023 00:06,16/06/2027 23:59,26/09/2026 08:31
82104a37-6d92-4179-827e-2619b8202384,dimorphic.monster,available,1.8,19.98,medium,low,9,namecheap,,,14/08/2026 08:09
d42495c5-2e5d-4e1e-a1df-304350942371,anomy.monster,available,1.99,17.29,medium,low,5,namesilo,,,19/09/2026 11:32
d5ab166f-0e1c-41cd-8db1-7626d212a0dc,considerable.monster,available,1.99,17.29,high,low,12,namesilo,,,28/09/2026 07:04
4401956a-86b8-4b06-ab65-1ff5bd27d984,statuesque.monster,available,1.8,19.98,high,low,10,namecheap,,,22/08/2026 14:32
1ecb56e8-6d47-447d-87fd-25a0edd232e1,toasted.monster,available,1.5,21.98,high,low,7,namecheap,,,11/09/2026 16:35
adbe4ed9-068e-4fff-9cdc-574683ad3cf9,calced.monster,available,1.8,19.98,medium,low,6,namecheap,,,11/08/2026 13:41
3fdc8720-f88a-4aa4-9ece-206a754b2a68,blogs.monster,available,1.99,17.29,medium,low,5,namesilo,,,20/09/2026 05:52
86cce899-df5a-4587-841c-a67be9c2c13f,furrowed.monster,available,1.8,19.98,medium,low,8,namecheap,,,18/08/2026 18:55
9c28a252-934e-479d-b7d8-eeca7f36f8ed,utica.monster,available,1.5,21.98,high,low,5,namecheap,,,27/09/2026 16:08
fba8cdf5-8e4d-4255-ba20-53ab682e9d33,bikini.monster,resell,,,high,low,6,Atom.com Domains LLC,10/09/2026 21:27,10/09/2027 23:59,26/09/2026 04:25
eb074f89-34f7-4cf2-ad01-ee04aa5850ed,alcoholic.monster,available,1.8,19.98,high,low,9,namecheap,,,
f8f9e204-8192-425f-8b21-cf926d1456d0,clearly.monster,available,1.99,15.75,high,low,7,namesilo,,,
343cbbcd-e8c7-46be-a575-029de312d5eb,greet.monster,available,1.99,15.75,high,low,5,namesilo,,,
ba5aadcf-a2a7-4036-b472-6ef224e62f2c,mailed.monster,available,1.8,19.98,medium,low,6,namecheap,,,24/08/2026 13:18
37348bf3-aa04-4d58-8793-af252f1cd54a,daydreams.monster,available,1.5,21.98,high,low,9,namecheap,,,19/09/2026 21:17
95366e42-cd31-4bae-a2ea-179f6841b39f,bimetal.monster,available,1.8,19.98,high,low,7,namecheap,,,09/08/2026 22:52
e8f16c09-60e0-4c93-9e07-f6b4b5cf965f,summery.monster,available,1.5,21.98,high,low,7,namecheap,,,11/09/2026 01:38
54568df4-c4aa-4920-a235-a43c29692aa6,jacques.monster,available,1.99,17.29,high,low,7,namesilo,,,25/09/2026 13:47
283d3a54-183f-4abb-835e-a22feb54be48,doubling.monster,available,1.99,15.75,high,low,8,namesilo,,,
d3fb21f6-fb09-4704-a20c-4bdc2b53b132,schumann.monster,available,1.18,13.97,high,low,8,spaceship,,,28/09/2026 05:27
cd16e6bc-40a2-400f-8ac0-b699b3d55a26,beira.monster,available,1.99,17.29,medium,low,5,namesilo,,,23/09/2026 04:20
c0ae31f0-946c-4e46-97b8-128b5bb427c9,anatoxin.monster,available,1.99,17.29,medium,low,8,namesilo,,,19/09/2026 03:34
c87dd879-62d3-4d25-9b17-e28f12fedd36,sorely.monster,available,1.99,17.29,medium,low,6,namesilo,,,16/09/2026 05:13
d4f1028b-9910-4422-873d-221a0362b53b,comedies.monster,available,1.99,17.29,high,low,8,namesilo,,,21/09/2026 01:31
608d144d-1f02-430b-800f-04bcec1e82f4,nathan.monster,available,1.99,17.29,high,low,6,namesilo,,,25/09/2026 12:13
71831afe-0a7e-495e-9819-1c3acc2fc44a,safe.monster,resell,1.99,,high,medium,4,name.com,,,27/09/2026 17:44
6bb7743f-3f14-4369-b853-85e358a6915e,forgetting.monster,available,1.99,15.75,high,low,10,namesilo,,,
d7dc225a-bdcc-4245-bff0-03afd52b2024,gross.monster,available,1.99,17.29,high,low,5,namesilo,,,24/09/2026 13:05
3246b3b2-d680-4539-889d-7b6d77f26486,kissing.monster,available,1.5,21.98,high,low,7,namecheap,,,24/09/2026 12:56
b2b484f3-9810-4f62-a418-3e7e0172b184,mismatched.monster,available,1.8,19.98,medium,low,10,namecheap,,,25/08/2026 01:36
0ae66fdb-b91e-4b75-8f94-8fad5846f753,unbent.monster,available,1.5,21.98,medium,low,6,namecheap,,,12/09/2026 01:50
f8f0f11f-0663-405e-9f84-ef071275b29d,observation.monster,available,1.18,13.97,high,low,11,spaceship,,,28/09/2026 07:02
cdee6fa9-50b8-4329-a794-27d67cbc1edb,argal.monster,available,1.99,17.29,medium,low,5,namesilo,,,20/09/2026 04:10
19764626-477c-496f-bb0e-ce0bb58d7da3,tablets.monster,available,1.99,17.29,high,low,7,namesilo,,,18/09/2026 15:46
6dbbd712-d77d-4548-80be-836ffa4b2282,sneezing.monster,available,1.99,,medium,low,8,name.com,,,
6f1e39bf-8ce4-4491-809c-74bf6bcb2a70,agerasia.monster,available,1.99,17.29,high,low,8,namesilo,,,17/09/2026 17:14
3265b4b7-d98c-4024-be99-ccdc86915df9,governance.monster,available,1.8,19.98,high,low,10,namecheap,,,20/08/2026 17:22
8b690af4-fe0c-4a7c-96e3-d6559ca55540,bismark.monster,available,1.99,17.29,medium,low,7,namesilo,,,23/09/2026 09:37
ea4e9a95-45eb-41bc-a5cf-fa0b5483ed1e,orally.monster,available,1.5,21.98,medium,low,6,namecheap,,,15/09/2026 18:11
0992dae2-c7bc-402e-a3f1-86d87cfe52ce,forsaking.monster,available,1.5,21.98,medium,low,9,namecheap,,,16/09/2026 13:59
2538b2ec-7e22-45c6-87b2-8755d84fb4fc,contained.monster,available,1.5,21.98,high,low,9,namecheap,,,23/09/2026 21:42
e7b4f9ab-e0f8-4ec6-adf9-792296d78f4b,attempted.monster,available,1.8,19.98,medium,low,9,namecheap,,,07/08/2026 15:12
58c7f486-c0a2-4021-ba2e-285b9e17d13e,notifiable.monster,available,1.5,21.98,medium,low,10,namecheap,,,03/09/2026 22:10
79c24bc9-e826-4824-a283-0b7feff2aaa8,basia.monster,available,1.5,21.98,medium,low,5,namecheap,,,22/09/2026 10:34
67e3ba09-7eb2-4428-a2fc-942ac2e1916a,abvolt.monster,available,1.5,21.98,medium,low,6,namecheap,,,16/09/2026 19:39
b94ac1f1-a3cf-4e44-aa8e-251749439bb4,anchorman.monster,available,1.99,17.29,high,low,9,namesilo,,,19/09/2026 03:46
dfd67c97-b521-4a3d-bb80-8ece3c413680,sharply.monster,available,1.5,21.98,medium,low,7,namecheap,,,27/09/2026 20:32
27367daa-e0e8-48d8-a49c-d258e7ce74b7,derogative.monster,available,1.8,19.98,medium,low,10,namecheap,,,14/08/2026 03:10
ab2dcb3d-48c7-41c0-a22a-db4d4cac8058,diminuendo.monster,available,1.8,19.98,medium,low,10,namecheap,,,13/08/2026 22:19
40771a1d-0d65-41db-9d9a-fe4fcdde01f5,cranial.monster,available,1.8,19.98,medium,low,7,namecheap,,,13/08/2026 04:49
30e5a3a7-2e05-4bcb-accf-40d6a99c8578,weightless.monster,available,1.5,21.98,high,low,10,namecheap,,,13/09/2026 10:09
401f34cc-84d0-4ec5-b6f3-fe494fdeb459,regulated.monster,available,1.5,21.98,high,low,9,namecheap,,,09/09/2026 13:06
0f07fcac-c00d-4611-a0ee-604b5460d609,scrawny.monster,available,1.5,21.98,medium,low,7,namecheap,,,09/09/2026 23:42
e6c8a78f-53db-468e-a59f-21a06e76de35,tasseled.monster,available,1.5,21.98,medium,low,8,namecheap,,,11/09/2026 08:52
a664cb04-2be9-47d0-91e6-dfe45a35df43,soled.monster,available,1.5,21.98,medium,low,5,namecheap,,,10/09/2026 13:35
9c2b6b03-6d79-4d9e-bed2-1c5e16683f44,gambling.monster,resell,,,high,medium,8,,,,27/09/2026 04:09
b91a0754-063e-436a-ab23-58cb79a8e4a8,odorless.monster,available,1.8,19.98,medium,low,8,namecheap,,,22/08/2026 06:02
ceeb1b7e-828e-4b10-a169-308184641581,convolute.monster,available,1.8,19.98,medium,low,9,namecheap,,,12/08/2026 23:57
936ec3a3-4df5-43d2-aa0b-f348bb452ff6,alton.monster,available,1.99,17.29,high,low,5,namesilo,,,27/09/2026 07:13
def9fe73-44de-40d2-8ed0-007105a8c276,uterine.monster,available,1.5,21.98,medium,low,7,namecheap,,,13/09/2026 00:02
2827eb5e-afbc-4e0f-9dbb-8def31d5302f,effortless.monster,available,1.8,19.98,high,low,10,namecheap,,,15/08/2026 16:21
66f706c0-3091-469f-b644-76a996880cd4,netflix.monster,available,1.99,17.29,high,high,7,namesilo,,,25/09/2026 12:20
cfb104ca-4747-4dab-bf03-63abed3806d2,balloonist.monster,available,1.99,17.29,medium,low,10,namesilo,,,21/09/2026 23:14
698c1335-0985-419c-b0a1-8f145480a8be,mechanized.monster,available,1.99,17.29,medium,low,10,namesilo,,,19/09/2026 16:26
ffc8ec7a-a9b5-4e53-b6cd-4840d167aba6,unsalted.monster,available,1.5,21.98,medium,low,8,namecheap,,,12/09/2026 18:45
7419f33a-83fc-4393-89a3-6ffaf9d83873,phobic.monster,available,1.5,21.98,medium,low,6,namecheap,,,08/09/2026 18:56
70284e76-517a-4c4c-8bd5-ea578548acd7,merited.monster,available,1.8,19.98,medium,low,7,namecheap,,,14/08/2026 03:22
477ba0c4-5f4b-4437-991a-c7ffaa41c688,enwrapped.monster,available,1.8,19.98,medium,low,9,namecheap,,,
a4573968-117b-4f54-bad1-2b888ce7599a,passenger.monster,available,1.5,21.98,high,low,9,namecheap,,,27/09/2026 04:56
b43085f0-e853-452d-a897-9631403bceb8,unmediated.monster,available,1.5,21.98,medium,low,10,namecheap,,,12/09/2026 15:32
b88fab82-7c48-425a-9c05-b116bb57b927,choc.monster,available,1.99,15.75,high,low,4,namesilo,,,
3b27d31e-6cbe-4527-b77d-5ba20273ac5d,forested.monster,available,1.8,19.98,medium,low,8,namecheap,,,18/08/2026 11:43
173aed85-b86a-4280-9659-e4b9cc9f8dfe,arginine.monster,available,1.99,17.29,medium,low,8,namesilo,,,20/09/2026 04:24
f585a73b-8694-462c-bf4e-9fec1f011da5,annexa.monster,available,1.99,17.29,medium,low,6,namesilo,,,17/09/2026 09:06
063b606f-e031-48e0-a5dd-2e93edfa8f0b,rowland.monster,available,1.5,21.98,high,low,7,namecheap,,,25/09/2026 15:13
de592a1f-f6f4-4507-b650-d82a873c7189,flashily.monster,available,1.5,21.98,medium,low,8,namecheap,,,14/09/2026 18:54
3568fb2c-93b7-4ce6-b39c-07d766c62b50,headlong.monster,available,1.8,19.98,medium,low,8,namecheap,,,21/08/2026 01:16
5365cec2-9d99-4440-be5b-a9f85cef5c5f,soaked.monster,available,1.8,19.98,medium,low,6,namecheap,,,09/08/2026 15:52
b730847a-1397-4e6d-aa44-229856756d47,dictation.monster,available,1.99,17.29,high,low,9,namesilo,,,23/09/2026 13:35
f27af5cf-95f4-445e-b011-3bf8e7062f4b,antonym.monster,available,1.5,21.98,medium,low,7,namecheap,,,04/09/2026 16:48
0cb21642-5e83-4510-8cc3-9b7f36d303a9,muslim.monster,resell,,,high,medium,6,"Spaceship, Inc.",17/01/2026 15:57,17/01/2027 23:59,26/09/2026 07:41
61960218-4386-4105-9992-9fff21e1e9d6,regally.monster,available,1.5,21.98,medium,low,7,namecheap,,,15/09/2026 22:55
ae4ee693-1c85-4c88-bb9b-b76fbcbe7d80,devotion.monster,available,1.99,15.75,high,low,8,namesilo,,,
4d9a625c-ee83-4ce3-85c1-a53840189365,idk.monster,available,1.99,,medium,low,3,name.com,,,
928374b1-9e51-4d74-b19a-8b626d7a5c76,animate.monster,available,1.99,17.29,high,low,7,namesilo,,,22/09/2026 04:47
96dfb574-a517-4f60-93d6-8611ac5acab9,acantha.monster,available,1.5,21.98,medium,low,7,namecheap,,,16/09/2026 20:38
a65c7225-168e-4876-879f-3fa580cf781f,polymeric.monster,available,1.5,21.98,medium,low,9,namecheap,,,08/09/2026 23:25
0a3c3cbe-f120-47b3-b154-1f3abfe0d605,understood.monster,available,1.18,13.97,high,low,10,spaceship,,,28/09/2026 02:13
9c237c60-c9d1-4e45-b021-5a7a1c534b68,earthman.monster,available,1.5,21.98,medium,low,8,namecheap,,,11/09/2026 10:45
27e43328-b2e8-42f7-9a8f-de8a42b67941,forgive.monster,available,1.99,15.75,high,low,7,namesilo,,,
7e95ffed-3ff6-4b86-b626-f90e2da8562f,blackshirt.monster,available,1.5,21.98,medium,low,10,namecheap,,,24/09/2026 03:05
1e4c7210-e175-4f0b-9e43-5b7981bbc236,chamber.monster,available,1.5,21.98,high,low,7,namecheap,,,22/09/2026 23:10
8c99794e-06e9-4454-8f22-254de9a0bc71,belarusian.monster,available,1.8,19.98,medium,low,10,namecheap,,,09/08/2026 12:32
09e143df-afc3-454a-8c8e-33249d1e7f73,adoptable.monster,available,1.8,19.98,high,low,9,namecheap,,,
4a556b3d-920f-437c-b449-3e53ff83d93d,peasant.monster,available,1.8,19.98,high,low,7,namecheap,,,11/08/2026 07:35
ebe3eb83-f0f5-4f35-9e6a-87c30596f1bf,featured.monster,available,1.99,17.29,high,low,8,namesilo,,,24/09/2026 17:26
715bfb24-67e3-4477-8e71-55509ba629ed,berber.monster,available,1.5,21.98,high,low,6,namecheap,,,23/09/2026 09:07
5a42a353-fc52-426e-8314-059cf2a2dedb,apatite.monster,available,1.99,17.29,medium,low,7,namesilo,,,19/09/2026 16:18
a488deff-a121-4648-9f0c-007b9a8801f0,rocket.monster,resell,,,high,medium,6,"Xiamen ChinaSource Internet Service Co., Ltd",23/01/2022 11:40,23/01/2027 23:59,26/09/2026 08:43
1ad155d2-c685-488f-a590-488c953ec7b1,dignified.monster,available,1.99,17.29,high,low,9,namesilo,,,24/09/2026 08:18
65c1e735-953d-43df-bb50-a562811ed01a,transylvania.monster,available,1.18,13.97,high,low,12,spaceship,,,27/09/2026 18:35
a5d64363-e9b1-4ade-bbcf-41fb47a588e2,ramp.monster,available,1.99,17.29,high,low,4,namesilo,,,18/09/2026 11:33
de6aca7d-ca20-491a-87f3-7cee9ee825fd,kevin.monster,resell,,,high,medium,5,"Spaceship, Inc.",17/01/2026 15:57,17/01/2027 23:59,26/09/2026 07:04
21b1e3a5-cc84-4348-a300-b9156f52929c,neoclassic.monster,available,1.5,21.98,medium,low,10,namecheap,,,03/09/2026 15:21
c10bb57d-00ca-4b51-9c37-b3e6bc6bab2e,binoculars.monster,available,1.5,21.98,high,low,10,namecheap,,,23/09/2026 17:37
3597b4a9-f34b-48f9-8892-bb397709022d,cannily.monster,available,1.5,21.98,medium,low,7,namecheap,,,14/09/2026 05:10
39bc849a-6143-4a4d-b5fa-3a8c0b42858c,gaussian.monster,available,1.8,19.98,high,low,8,namecheap,,,18/08/2026 20:52
751f97ce-68cd-4909-a4d8-74ba825d2507,tike.monster,available,1.8,19.98,high,low,4,namecheap,,,25/08/2026 00:12
6aba7496-0db2-452f-b132-0ab75953990c,chant.monster,available,1.99,17.29,high,low,5,namesilo,,,24/09/2026 13:41
adb8bf2f-9b40-4e35-a904-bdd84f8a1445,athwart.monster,available,1.5,21.98,medium,low,7,namecheap,,,13/09/2026 22:38
41bf18a5-9aec-4ced-a594-0351c383c62c,shortly.monster,available,1.99,,high,low,7,name.com,,,
c6f6bbcb-e7e2-4f0c-b183-3f289eac899b,churchman.monster,available,1.8,19.98,medium,low,9,namecheap,,,14/08/2026 23:29
d4ff32f5-4951-4fc3-9994-33129d5c141f,wellesley.monster,available,1.99,17.29,medium,low,9,namesilo,,,27/09/2026 08:52
7fd20217-04d5-4012-9e92-6369489840b8,owned.monster,available,1.99,17.29,high,low,5,namesilo,,,26/09/2026 03:41
4d5f2eb2-4599-497a-a920-53d89c37c703,visibly.monster,available,1.5,21.98,medium,low,7,namecheap,,,16/09/2026 11:04
ca2157a3-22cf-4c17-8540-86b5a20dce55,admission.monster,available,1.99,17.29,high,low,9,namesilo,,,16/09/2026 22:12
22f665ae-13a8-4188-8a25-f431c7428dc3,punched.monster,available,1.99,17.29,medium,low,7,namesilo,,,19/09/2026 01:53
f109dbc6-5494-4cfc-b528-bf5ddb82bc7b,thereafter.monster,available,1.99,17.29,high,low,10,namesilo,,,16/09/2026 08:38
9b33896f-d51b-4dd8-9061-9ffa1992d126,pinnated.monster,available,1.5,21.98,high,medium,8,namecheap,,,08/09/2026 19:49
55739e00-c733-4a0b-9d7e-3675dc441747,pushing.monster,available,1.99,,high,low,7,name.com,,,
80bdc499-10ee-4c16-82d9-05b67d660838,acarid.monster,available,1.5,21.98,medium,low,6,namecheap,,,16/09/2026 21:26
e39a25c0-c2d0-41cf-be6e-974223dafd39,haynes.monster,available,1.99,17.29,medium,low,6,namesilo,,,27/09/2026 01:55
db9588d4-72a0-4a2e-a89a-5c671c61764a,cubitus.monster,available,1.99,20.99,medium,low,7,name.com,,,20/09/2026 11:25
a3443ff4-89d9-401b-8fc8-b030a8d35d6f,ruinous.monster,available,1.8,19.98,medium,low,7,namecheap,,,10/08/2026 13:28
02339667-4f18-443f-953a-d9b05c8eaacf,arrays.monster,available,1.99,17.29,medium,low,6,namesilo,,,20/09/2026 09:17
8dcb3157-e4a4-43fa-9cf7-b00380e40bb1,antiracist.monster,available,1.99,15.75,high,low,11,namesilo,,,
8112faed-5b6f-48b4-b2b8-fc04aa7c72ec,speckled.monster,available,1.8,19.98,medium,low,8,namecheap,,,14/08/2026 16:34
ee5301f6-1e57-4055-9771-497e08a143f2,ketchup.monster,available,1.99,17.29,high,low,7,namesilo,,,24/09/2026 13:10
f8a83561-42b9-4525-b19b-857041279eb3,fearfully.monster,available,1.5,21.98,medium,low,9,namecheap,,,14/09/2026 18:04
86b88501-3b3c-4e33-b279-0f47cfd6fee4,bells.monster,available,1.99,17.29,high,low,5,namesilo,,,25/09/2026 15:52
92f0cb3c-07dd-4a45-b17f-cff4d1823c11,allentown.monster,available,1.99,17.29,high,low,9,namesilo,,,18/09/2026 10:52
94b84383-1036-4cc5-9145-e90cb34ae016,roily.monster,available,1.5,21.98,medium,low,5,namecheap,,,09/09/2026 18:18
4ed4776e-b762-429e-8c9f-7a556bfbd58b,indigenous.monster,available,1.8,19.98,high,low,10,namecheap,,,07/08/2026 19:31
4f2d3b41-4c0d-40ff-9b58-23c8f3cb1bbf,nosed.monster,available,1.5,21.98,medium,low,5,namecheap,,,03/09/2026 21:45
b220a6a0-87f1-4850-b5bd-41c185dbeca0,sergeant.monster,available,1.99,17.29,high,low,8,namesilo,,,28/09/2026 06:37
0258abf3-4dbb-4db1-bfa5-5839267daec5,atkins.monster,available,1.5,21.98,high,low,6,namecheap,,,25/09/2026 17:28
83145973-b425-4b8e-94f4-f6c46035da9e,budding.monster,available,1.8,19.98,high,low,7,namecheap,,,11/08/2026 07:42
16a17e92-d3bd-4907-93f8-ef69c516e1e2,fabrication.monster,available,1.5,21.98,high,low,11,namecheap,,,28/09/2026 07:27
a6f0bdf9-0cc0-4ac0-ab03-34b4805f6cee,temerity.monster,available,1.99,17.29,medium,low,8,namesilo,,,21/09/2026 02:48
dfcaddd9-b8f3-4054-8bab-21617556751a,grabbed.monster,available,1.5,21.98,medium,low,7,namecheap,,,27/09/2026 03:19
ec2e6cf5-ad95-4fb1-9ffe-f23329b1f35c,upturned.monster,available,1.5,21.98,medium,low,8,namecheap,,,04/09/2026 21:58
2688eed6-7780-4278-839e-ed2b8797ac9d,slanting.monster,available,1.8,19.98,medium,low,8,namecheap,,,07/08/2026 04:20
1aacd603-1aae-443e-aad8-d1bc708ac0a1,pennyroyal.monster,available,1.5,21.98,medium,low,10,namecheap,,,18/09/2026 20:31
30b5ecb9-eca3-4c33-bf2e-9d651e5e7035,antithesis.monster,available,1.5,21.98,medium,low,10,namecheap,,,19/09/2026 15:11
e7cac18d-f829-4982-accb-cba93b15c85c,bolts.monster,available,1.99,17.29,medium,low,5,namesilo,,,18/09/2026 04:01
1c53c14f-e6d4-4e08-b4ad-ccbbed24fce9,interlaced.monster,available,1.8,19.98,medium,low,10,namecheap,,,22/08/2026 08:04
2f57a24c-0c07-4719-89c9-35f25e373761,erratum.monster,available,1.8,19.98,medium,low,7,namecheap,,,24/08/2026 07:21
f987f878-1279-4ff1-9a0f-a6eb0b06433d,sinitic.monster,available,1.5,21.98,high,medium,7,namecheap,,,10/09/2026 08:29
a0c531ec-e775-47e0-b6c7-d22d264bab2d,numbing.monster,available,1.5,21.98,medium,low,7,namecheap,,,03/09/2026 22:49
f81c6a77-2437-4765-8b60-b1135190897c,lambent.monster,available,1.8,19.98,medium,low,7,namecheap,,,
0035f48e-108e-4eba-9c69-13b02b24b4d3,tending.monster,available,1.5,21.98,high,low,7,namecheap,,,11/09/2026 11:15
8d2b18d3-de64-474b-9613-f5fd9c9e831f,needful.monster,available,1.5,21.98,high,low,7,namecheap,,,03/09/2026 14:51
39150cca-769f-4787-8814-97359a19f6b8,adelie.monster,available,1.99,17.29,medium,low,6,namesilo,,,17/09/2026 07:17
9077b685-493a-4b6f-b2d1-8e810768643f,changed.monster,available,1.8,19.98,high,low,7,namecheap,,,12/08/2026 01:53
5c39cb13-e620-42f2-8d06-c9122d5147e4,eager.monster,available,1.99,17.29,high,low,5,namesilo,,,24/09/2026 12:48
a57dbd8c-2274-40e4-9f26-c02563cf7bd8,surprises.monster,available,1.99,17.29,medium,low,9,namesilo,,,20/09/2026 10:56
42c8308a-49c7-484e-a944-05c3f6dca5b0,rustle.monster,available,1.5,21.98,high,low,6,namecheap,,,13/09/2026 11:37
8f96ba26-fea6-4a60-9b6a-daf203a678d7,item.monster,available,1.99,,high,low,4,name.com,,,
7b6cd27a-9bdb-46b1-8dca-232fe8339c5e,uncharged.monster,available,1.5,21.98,medium,low,9,namecheap,,,12/09/2026 05:06
36cf2b95-7ff8-44bd-8c77-d4aaa253c804,fry.monster,available,1.8,19.98,high,low,3,namecheap,,,25/08/2026 00:16
dd51558e-03f3-47d6-9221-f97021c4de71,judges.monster,available,1.99,,medium,low,6,name.com,,,
e7bb7dac-7f39-4105-a3ad-f5a78f0483c2,thief.monster,available,1.99,,high,low,5,name.com,,,
0ba979a2-6c78-4f96-bae6-d74b5effa5f1,tempt.monster,available,1.99,17.29,high,low,5,namesilo,,,18/09/2026 12:14
ad0d2e47-8d1e-493f-b833-053cc44b421f,moveable.monster,available,1.8,19.98,high,low,8,namecheap,,,25/08/2026 09:05
95933abb-0b47-492b-b170-3dce1a09d308,outsize.monster,available,1.5,21.98,high,low,7,namecheap,,,04/09/2026 19:38
e4e98255-b303-41c8-a86d-6d07067aff3a,cups.monster,available,1.5,21.98,medium,low,4,namecheap,,,18/09/2026 07:17
d293d006-2f23-4f5f-89b6-9fecde4ea6ff,batwing.monster,available,1.8,19.98,medium,low,7,namecheap,,,09/08/2026 01:49
e55421ec-fe20-409e-883e-b6bdd0c3d0fa,detectable.monster,available,1.8,19.98,high,low,10,namecheap,,,14/08/2026 04:42
61d9ae82-f89c-4716-848f-f825b74aebbf,arietta.monster,available,1.5,21.98,high,low,7,namecheap,,,20/09/2026 05:25
c254df2c-ddf5-42da-9cb4-d515a5bd75bc,toffy.monster,available,1.8,19.98,medium,low,5,namecheap,,,11/08/2026 04:55
fb2a0e41-fe68-4347-97d8-dc635ced7f4d,award.monster,available,1.99,17.29,high,low,5,namesilo,,,27/09/2026 06:31
5b096cb2-54e9-4a2c-a4d5-d68da260b1dc,backbench.monster,available,1.99,17.29,high,low,9,namesilo,,,21/09/2026 15:00
c6aa5197-0875-4955-baad-08a02f1fd37f,trailers.monster,available,1.99,17.29,medium,low,8,namesilo,,,19/09/2026 01:06
d9c7e7bf-6392-4d5a-88a7-59596d385190,christine.monster,available,1.18,13.97,high,low,9,spaceship,,,27/09/2026 19:02
2b02cf8e-15b9-402d-aaaa-e3b3a972d7b7,somerset.monster,available,1.8,19.98,high,low,8,namecheap,,,18/08/2026 08:27
d5595243-814b-4350-8b48-1df08b330b19,authorizer.monster,available,1.99,17.29,medium,low,10,namesilo,,,21/09/2026 05:13
194df741-e30b-4316-88df-b143edf0cb43,mabel.monster,available,1.99,17.29,high,low,5,namesilo,,,25/09/2026 13:35
fe877bc7-2c50-4a55-ae0b-d4ddeeaaf9cd,agassiz.monster,available,1.5,21.98,medium,low,7,namecheap,,,17/09/2026 16:23
e3b43196-4659-4517-84b2-0f006d510379,forked.monster,available,1.8,19.98,high,low,6,namecheap,,,09/08/2026 20:14
48d1e287-1353-46ba-adab-e8fbcd236e69,asbestos.monster,available,1.99,17.29,high,low,8,namesilo,,,20/09/2026 12:54
32c118d9-fc96-4178-ab4d-36d459da2719,zestful.monster,available,1.8,19.98,high,low,7,namecheap,,,08/08/2026 19:51
cd55c5da-143b-448c-b8f4-cd071a40b49d,talebearer.monster,available,1.5,21.98,medium,low,10,namecheap,,,11/09/2026 10:34
0c5eb903-4baa-4f4a-955c-a1b39ac63967,fallow.monster,available,1.8,19.98,medium,low,6,namecheap,,,17/08/2026 21:32
80a45f8e-bb07-4f83-abfc-26f0c531b67d,avail.monster,available,1.99,17.29,high,low,5,namesilo,,,21/09/2026 08:37
6d901814-9252-486f-8e22-80b2205ffb04,confidant.monster,available,1.8,19.98,high,low,9,namecheap,,,22/08/2026 08:30
2d016fb3-6dc1-44ef-8505-5440d6eb90cb,isotopic.monster,available,1.8,19.98,medium,low,8,namecheap,,,22/08/2026 11:26
702ed2fb-ac30-4970-a2e2-608c46b994f7,immature.monster,available,1.8,19.98,high,low,8,namecheap,,,21/08/2026 20:52
9e99ce84-26a0-44d6-93bd-43e175bed7bd,ontop.monster,available,1.99,17.29,medium,low,6,namesilo,,,16/09/2026 09:10
a6f25653-e282-4695-89c5-4c5eda0f0670,abettal.monster,available,1.99,17.29,medium,low,7,namesilo,,,16/09/2026 15:18
9debd188-b04e-4771-8634-7eb9db00668a,reginald.monster,available,1.99,17.29,high,low,8,namesilo,,,25/09/2026 15:10
28c7cf9a-6b7a-45cb-8af6-e9a149383904,decently.monster,available,1.8,19.98,medium,low,8,namecheap,,,13/08/2026 21:14
f9fe6ec5-9aad-4114-8a18-227ccd5c3176,bema.monster,available,1.99,17.29,high,low,4,namesilo,,,23/09/2026 07:15
79a5b02b-89d1-46f5-aca4-5069e7dfb055,dionysian.monster,available,1.8,19.98,medium,low,9,namecheap,,,14/08/2026 08:24
d75ba335-4443-40db-a3c5-cd911bb04834,bobtail.monster,available,1.8,19.98,high,low,7,namecheap,,,10/08/2026 16:39
0d18b3d4-eec1-460c-b105-ef2ae7c63518,ito.monster,available,12.3,10.2,medium,low,3,cloudflare,,,28/09/2026 08:05
6c43970a-4d50-4d60-b75a-ea97e48d1823,azolla.monster,available,1.99,17.29,medium,low,6,namesilo,,,21/09/2026 11:19
3648ea7c-06f8-40ea-8cbf-5fa454130b89,nate.monster,available,1.99,17.29,high,low,4,namesilo,,,25/09/2026 13:42
d59e6953-88e4-4b3d-aa79-061c85f228c8,beardless.monster,available,1.8,19.98,medium,low,9,namecheap,,,09/08/2026 04:43
00875837-f8f7-48ca-b6ec-65e51b9ac1dc,affluence.monster,available,1.99,15.75,high,low,9,namesilo,,,
3ab4abfc-ca42-45e0-bdc9-402e01443526,breasted.monster,available,1.8,19.98,medium,low,8,namecheap,,,11/08/2026 03:12
23b1bcc8-f5a3-4ff4-84b1-6886134c9c5f,subtly.monster,available,1.99,17.29,medium,low,6,namesilo,,,16/09/2026 07:33
1b1d77fe-21ad-44ce-b1fa-043f8615d83f,alacritous.monster,available,1.8,19.98,medium,low,10,namecheap,,,
ffa6caff-26d3-4bb1-b9f8-c6d9c1675a54,finer.monster,available,1.8,19.98,high,low,5,namecheap,,,18/08/2026 04:49
ddd8ead0-0181-4c9d-890e-2208888fcef8,substance.monster,available,1.5,21.98,high,low,9,namecheap,,,14/09/2026 23:41
1778f050-2a97-42ff-9d4c-09697297b4ab,numinous.monster,available,1.5,21.98,medium,low,8,namecheap,,,03/09/2026 23:01
0cc38c9f-4ab1-41cd-aa17-b457f05bb036,acceptable.monster,available,1.99,17.29,high,low,10,namesilo,,,21/09/2026 15:23
a2aad88a-b99d-4b37-be04-e6f6226da6b0,swain.monster,available,1.99,17.29,medium,low,5,namesilo,,,22/09/2026 21:56
5c06c1e5-db30-4d3a-8df0-d0fe24f3bc54,shopworn.monster,available,1.8,19.98,medium,low,8,namecheap,,,08/08/2026 11:06
354db415-9809-4d92-8f6e-8a6cb7501552,catechu.monster,available,1.5,21.98,medium,low,7,namecheap,,,16/09/2026 20:04
474041df-64f3-41b5-9150-1633b6417267,fortuitous.monster,available,1.8,19.98,high,low,10,namecheap,,,18/08/2026 12:43
5a142dda-90e1-492a-9296-4d2d3352f1e2,energizing.monster,available,1.8,19.98,high,low,10,namecheap,,,
72991a8f-3b60-4ff9-a85e-a959445131d3,raiding.monster,available,1.8,19.98,medium,low,7,namecheap,,,24/08/2026 15:45
a0d7a581-bfc0-415c-aede-fbdf8ecb4071,loafer.monster,available,1.8,19.98,medium,low,6,namecheap,,,14/08/2026 14:12
6846a6ad-71c6-426d-a66d-5d184e52ca53,sing.monster,premium,242,14.28,high,low,4,namesilo,,,
33963343-8c29-4e03-be11-ce0a335323bd,bravery.monster,available,1.99,,high,low,7,name.com,,,
ad76e332-f206-4822-8cc7-27386aa58bc6,shapeless.monster,available,1.8,19.98,medium,low,9,namecheap,,,
d1f8af05-7c63-46c4-ab8a-bad6db56b2e3,diagnosis.monster,available,1.99,17.29,high,low,9,namesilo,,,24/09/2026 22:08
e3103a05-ef55-4cbc-8ed5-669304f2c7ee,unemployed.monster,available,1.99,,medium,low,10,name.com,,,
47bfbc4d-1c1e-459b-b346-97446716733c,napoleonic.monster,available,1.5,21.98,medium,low,10,namecheap,,,03/09/2026 13:00
afbba899-3c73-446c-a0de-84580f39b578,tot.monster,available,1.99,17.29,high,low,3,namesilo,,,22/09/2026 00:39
9f09fe96-196a-4b9a-b2d7-588020b8b8c8,crone.monster,available,1.99,17.29,medium,low,5,namesilo,,,23/09/2026 04:47
00fd20b5-6d97-4b77-8db5-d062b61d77ae,graciously.monster,available,1.5,21.98,high,low,10,namecheap,,,14/09/2026 21:58
68d71354-3bc8-4472-91cd-f10d48ab3391,limpid.monster,available,1.8,19.98,high,low,6,namecheap,,,13/08/2026 09:41
cdc15d70-0139-459a-974b-fc40657a932b,alienator.monster,available,1.99,17.29,medium,low,9,namesilo,,,18/09/2026 07:36
eb1cb16e-0f4c-4ea2-a424-a684766ff974,caparison.monster,available,1.99,17.29,medium,low,9,namesilo,,,22/09/2026 05:11
c9c61055-9d55-45a3-b464-3d77af55f2fc,cripple.monster,available,1.8,19.98,medium,low,7,namecheap,,,22/08/2026 18:58
9f5e84a7-1297-4d4d-94a4-6fb5b2035a1e,behaviours.monster,available,1.99,17.29,medium,low,10,namesilo,,,20/09/2026 22:06
b704cc33-195f-4142-82e0-8295e1b6191d,shareholders.monster,available,1.99,17.29,medium,low,12,namesilo,,,17/09/2026 15:53
41fb1d85-b8dd-4620-b4ae-ddc05368b275,pitching.monster,available,1.99,,high,low,8,name.com,,,
69824fd1-2b58-41d8-8f24-7a3e2acb36be,compatibly.monster,available,1.5,21.98,medium,low,10,namecheap,,,14/09/2026 07:43
9ea0fa6b-79ed-4371-9a31-5d09cb040d58,emotionally.monster,available,1.54,14.21,high,low,11,porkbun,,,27/09/2026 17:53
d71c28d7-cba1-49b4-bde8-874715c9fb0c,download.monster,resell,,,high,low,8,,,,28/09/2026 06:58
70074935-bded-421d-b955-87e4d0114d20,lxii.monster,available,1.8,19.98,medium,low,4,namecheap,,,
dcba11e5-1917-4f54-80e4-f5cf04f07a7a,questions.monster,available,12.3,10.2,high,low,9,cloudflare,,,28/09/2026 07:02
232ec7a9-3f46-4d09-ab34-9ce222da0588,doxepin.monster,available,1.5,21.98,medium,low,7,namecheap,,,17/09/2026 06:25
049d1f54-274f-4eb0-9b53-979ff0820352,philippi.monster,available,1.5,21.98,medium,low,8,namecheap,,,22/09/2026 15:38
9fdf870d-5cba-4720-84c5-27b396b8969a,cleric.monster,available,1.8,19.98,high,low,6,namecheap,,,14/08/2026 23:27
7a9ef7c3-9d00-4527-8698-f1612994d29a,rejoicing.monster,available,1.8,19.98,high,low,9,namecheap,,,17/08/2026 19:50
c64f1459-9b66-467f-b956-61e4ac6eb2db,pedigree.monster,available,1.5,21.98,high,low,8,namecheap,,,08/09/2026 13:15
d58a0780-decd-4d9e-965f-9e7229c9367e,unmerciful.monster,available,1.8,19.98,medium,low,10,namecheap,,,24/08/2026 20:38
70d7133f-11a8-4dcd-8664-8d42f3980dad,occidental.monster,available,1.8,19.98,medium,low,10,namecheap,,,21/08/2026 07:25
93c337b6-317d-46f0-8d35-45921ecdb0b6,primordial.monster,available,1.5,21.98,high,low,10,namecheap,,,09/09/2026 02:06
4531d855-c94d-4e1c-a8fa-87a82b3f3f5d,congress.monster,available,1.99,17.29,high,low,8,namesilo,,,24/09/2026 13:02
ec8a9012-5af5-4551-85d5-e8198e628665,paddlefish.monster,available,1.8,19.98,medium,low,10,namecheap,,,14/08/2026 20:48
737b42e2-8cc1-45a9-8ea1-09b573abaec3,tyke.monster,available,1.8,19.98,high,low,4,namecheap,,,25/08/2026 00:14
a1f5d5c6-5d1e-4707-a093-f9f49d48e0ae,kazan.monster,available,1.99,14.45,high,low,5,dynadot,,,28/09/2026 05:35
fb7ef390-4641-4f53-9f6e-1458e6aa116e,demeanor.monster,available,1.99,17.29,high,low,8,namesilo,,,24/09/2026 21:47
b500bbfb-bc65-4623-8ccf-67cb904fd5e7,customary.monster,available,1.99,20.99,high,low,9,name.com,,,13/08/2026 12:29
397ffb9a-65e3-45e5-8002-8d65d55e02a0,willingly.monster,available,1.99,17.29,medium,low,9,namesilo,,,16/09/2026 11:08
d864f06d-b59a-43d5-9b08-f4f6d4cf9635,fanned.monster,available,1.8,19.98,high,low,6,namecheap,,,17/08/2026 22:09
330828e9-37a9-4e59-844e-9cfb7ffb2095,slicker.monster,available,1.99,17.29,medium,low,7,namesilo,,,23/09/2026 02:58
8f2ca7b9-17a9-4c5d-9d62-efb12c0319b8,even.monster,available,1.99,17.29,high,medium,4,namesilo,,,19/09/2026 12:57
5e239c9e-bbc8-42e6-85b2-5bdabb5efbe2,backed.monster,available,1.8,19.98,high,low,6,namecheap,,,08/08/2026 05:33
889cb0e9-8b04-4e9e-a1fc-6c1751acde12,barman.monster,available,1.99,17.29,medium,low,6,namesilo,,,22/09/2026 06:19
7a3e6c49-e71b-42d3-9d04-438e3a1dd68c,ivan.monster,resell,,,high,low,4,"Spaceship, Inc.",17/01/2026 16:16,17/01/2027 23:59,26/09/2026 06:58
09fc6b14-daf9-4d26-993c-fccb7e2ffd89,melee.monster,available,1.99,17.29,high,low,5,namesilo,,,22/09/2026 16:23
bb5a1d21-7482-4dc9-ba28-048f3f0fc1cd,corbin.monster,available,1.5,21.98,medium,low,6,namecheap,,,28/09/2026 07:42
6870e7ca-ea96-4a25-a339-bfa9a4e056c8,notwithstanding.monster,available,1.99,,medium,low,15,name.com,,,
1b3aa26c-54bf-4c2b-ab32-1073cf9c91f8,sere.monster,available,1.8,19.98,medium,low,4,namecheap,,,14/08/2026 19:03
432b993c-5d8b-4c6e-a116-7c0444120861,bounded.monster,available,1.8,19.98,medium,low,7,namecheap,,,10/08/2026 21:52
eff6e208-2069-4b7b-a5a5-f80119e6b38f,municipal.monster,available,1.5,21.98,high,low,9,namecheap,,,03/09/2026 10:58
f9fd6859-cb26-4637-bde0-b7eb6fa88d65,bardolatry.monster,available,1.99,17.29,medium,low,10,namesilo,,,22/09/2026 05:17
95fc9e41-6640-4d45-a893-f65298a99536,chose.monster,available,1.99,15.75,high,low,5,namesilo,,,
e8f66ce5-32b2-47b0-839d-1eb4ea1c0ca2,alcides.monster,available,1.5,21.98,medium,low,7,namecheap,,,18/09/2026 04:05
de21506b-4077-4368-9174-524feb043379,mould.monster,available,1.99,17.29,medium,low,5,namesilo,,,24/09/2026 15:22
60b69edc-af01-42d3-ad1e-235ab36be4b1,neonatal.monster,available,1.5,21.98,medium,low,8,namecheap,,,03/09/2026 15:27
ecf40748-afcd-4750-a7c8-fdb3994e3486,unsorted.monster,available,1.5,21.98,medium,low,8,namecheap,,,12/09/2026 04:50
7e115064-311b-4da6-91bf-19a3e2d5e2b2,cissy.monster,available,1.8,19.98,medium,low,5,namecheap,,,12/08/2026 08:40
b8635130-5ca2-4353-8315-a056eb490237,offense.monster,available,1.5,21.98,high,low,7,namecheap,,,04/09/2026 01:32
99f41508-aa8c-4ff0-ac61-dfcfc96e6216,bedspread.monster,available,1.5,21.98,high,low,9,namecheap,,,22/09/2026 22:52
cfd2df9b-1573-4dcc-9ed8-116a8044d037,thresher.monster,available,1.5,21.98,medium,low,8,namecheap,,,18/09/2026 13:23
2010db29-15b1-47a1-bf95-f519f0c501e8,fighters.monster,available,1.99,17.29,medium,low,8,namesilo,,,28/09/2026 05:05
48225654-67bd-4bf4-aeeb-a3861fd59c7f,saccadic.monster,available,1.5,21.98,high,medium,8,namecheap,,,09/09/2026 20:35
4760ba83-bc1c-40a2-935a-31153e4282ed,barish.monster,available,1.99,17.29,medium,low,6,namesilo,,,22/09/2026 06:05
b956169a-63ee-4462-b0de-8461d8e7230b,subscribed.monster,available,1.5,21.98,high,low,10,namecheap,,,11/09/2026 00:41
3f7fe64e-569f-4d07-8a2f-56674e119bd8,researchers.monster,available,1.99,20.99,medium,low,11,name.com,,,18/09/2026 17:37
f62758f5-cb9c-43ef-8351-6d2d8150eaf6,journalism.monster,available,1.99,,high,low,10,name.com,,,
cdd6dd87-df7c-4880-bbbc-fa0439cc2955,saleable.monster,available,1.5,21.98,high,medium,8,namecheap,,,09/09/2026 20:51
7069a314-ee8e-44d1-8da2-7e90a67e2917,chimp.monster,available,1.99,17.29,high,low,5,namesilo,,,24/09/2026 14:40
7dc2afbe-65e8-4fd7-9d57-96682d24ed04,sumerian.monster,available,1.5,21.98,high,low,8,namecheap,,,11/09/2026 01:33
8acca749-492c-46b9-b6e3-201202b5b796,exalt.monster,available,1.8,19.98,high,low,5,namecheap,,,
3ab47c5a-8c8f-48dd-9d52-38a93ba4e56f,reusable.monster,available,1.5,21.98,high,low,8,namecheap,,,09/09/2026 11:33
b7954bac-aa0c-42d3-8fa3-19b310938e0e,injured.monster,available,1.8,19.98,high,low,7,namecheap,,,22/08/2026 05:38
ff51b8c1-dd7d-4dc2-badd-b74958d6ec99,nance.monster,available,1.5,21.98,medium,low,5,namecheap,,,09/09/2026 08:05
4e5e4a57-5dd1-4fd3-9bef-c18007f4b878,creatively.monster,available,1.99,,high,low,10,name.com,,,
93ab02f8-12e6-43c5-b3a3-bdd17292f229,smoked.monster,available,1.5,21.98,medium,low,6,namecheap,,,10/09/2026 11:53
d3a24bca-1912-4f97-b9ef-826c4783aa87,kerensky.monster,available,1.99,17.29,high,low,8,namesilo,,,18/09/2026 05:02
bcde6c1d-e998-4e31-ac8a-dc43d6335728,unnecessary.monster,available,12.3,10.2,high,low,11,cloudflare,,,28/09/2026 03:22
9419435b-3c8b-43f8-abdb-ab526e603d46,ards.monster,available,1.99,17.29,medium,low,4,namesilo,,,17/09/2026 10:14
a9e61d49-c4dc-4f53-af11-8f4a1470225c,onymous.monster,available,1.5,21.98,medium,low,7,namecheap,,,04/09/2026 15:26
604a2c16-e497-4994-8597-ee68476d7a73,hermann.monster,available,1.99,17.29,high,low,7,namesilo,,,20/09/2026 07:11
31ad3d19-21ed-4a6a-9144-3298c23f0ea7,vigorous.monster,available,1.5,21.98,high,low,8,namecheap,,,13/09/2026 05:44
773e02f3-3856-468b-a943-f6e99d1667bc,adana.monster,available,1.5,21.98,medium,low,5,namecheap,,,17/09/2026 06:19
0db07996-9775-43ef-be91-637fddc1ed0a,sheer.monster,available,1.99,17.29,high,low,5,namesilo,,,22/09/2026 23:12
358783ba-d6fd-42cd-980c-2bd3e9dd4617,jugoslav.monster,available,1.5,21.98,medium,low,8,namecheap,,,13/09/2026 14:52
b6498ddb-6310-491a-8521-8ef286ab9c75,mothafucka.monster,available,1.99,,medium,low,10,name.com,,,
b8afa354-4fdb-44d1-8d12-cc631ce27858,toughie.monster,available,1.5,21.98,high,medium,7,namecheap,,,09/09/2026 06:05
c84c9104-d2c5-4bc0-b38a-e1884ad4a8f4,surmisable.monster,available,1.5,21.98,high,medium,10,namecheap,,,09/09/2026 01:47
842875b6-5cd9-4a1c-9122-93fff8d42295,traceable.monster,available,1.5,21.98,high,low,9,namecheap,,,11/09/2026 18:33
d38ecef6-ea75-4b99-963c-6490752ee598,uniting.monster,available,1.99,17.29,high,low,7,namesilo,,,18/09/2026 15:39
c0a01f2c-5600-493e-ac90-42d56437ee36,unavowed.monster,available,1.5,21.98,high,medium,8,namecheap,,,10/09/2026 12:30
cb11ab9c-f0d1-482d-84be-65ef663b249f,aquifer.monster,available,1.99,17.29,medium,low,7,namesilo,,,19/09/2026 23:11
ed07aa41-7541-4040-9c90-a2ed1d55c434,election.monster,available,1.99,15.75,high,low,8,namesilo,,,
98c4f3ed-8016-47c4-ac2d-29f2bee48e06,amidships.monster,available,1.8,19.98,medium,low,9,namecheap,,,
3d4f69c4-41d9-4464-8ed0-64c64a508bf5,alcoves.monster,available,1.5,21.98,low,low,7,namecheap,,,20/09/2026 22:35
01a76abc-60ac-44bd-8c6e-98b18064c565,ordinal.monster,available,1.5,21.98,high,low,7,namecheap,,,04/09/2026 17:44
cd99b228-17bd-46a1-b95e-7f9c025d1941,meaningful.monster,available,1.99,20.99,high,low,10,name.com,,,25/09/2026 18:37
f081fa39-4d99-4829-93a9-d447b73fcaeb,apache.monster,available,1.99,17.29,high,low,6,namesilo,,,19/09/2026 16:09
697515f1-a20c-40fe-b442-866f193c1bc8,mari.monster,available,0.99,25.99,high,low,4,godaddy,,,28/09/2026 01:39
d58c5122-b016-4ab8-aade-373388f86a8e,coxa.monster,available,1.99,17.29,high,low,4,namesilo,,,20/09/2026 11:23
8e962151-f594-4a53-8655-f6c759e4d762,debonnaire.monster,available,1.99,20.99,medium,low,10,name.com,,,13/08/2026 20:46
57963be0-a642-4f4a-8d2f-921d1ec996b8,labelled.monster,available,1.8,19.98,medium,low,8,namecheap,,,22/08/2026 17:15
661294f1-fc5e-415d-8793-9d0374d49f19,trig.monster,available,1.8,19.98,high,low,4,namecheap,,,12/08/2026 10:13
63988650-d662-4924-ba64-c61e713bdb28,credendum.monster,available,1.99,17.29,medium,low,9,namesilo,,,20/09/2026 11:13
c84e2957-20b4-49d3-805e-e5fa6e65fd1e,peach.monster,available,1.8,19.98,high,low,5,namecheap,,,22/08/2026 16:45
555045b4-3f0f-4908-90ac-f2fb83c7169c,sanious.monster,available,1.8,19.98,medium,low,7,namecheap,,,21/08/2026 17:49
e3fcf05c-be76-4708-a29b-e70bf52cc523,beaumont.monster,available,1.5,21.98,high,low,8,namecheap,,,22/09/2026 22:14
0175e370-60cb-4cf3-b770-6ff025d488f5,kings.monster,resell,,,high,low,5,,,,27/09/2026 07:24
365d6b33-0666-49cb-a72c-b692e6480eb2,yielding.monster,available,1.5,21.98,high,low,8,namecheap,,,13/09/2026 14:36
27bac3b2-f433-4a85-8ee6-52555a0ba988,animated.monster,available,1.99,17.29,high,low,8,namesilo,,,22/09/2026 05:00
4cfc4d97-0966-41fa-823b-1fabe5a90687,satisfy.monster,available,1.99,,high,low,7,name.com,,,
28acdaf7-15d4-43df-b1b1-80116578032b,beneficent.monster,available,1.8,19.98,medium,low,10,namecheap,,,09/08/2026 14:22
1382521b-850f-4ddc-82e3-7ad641a2fed8,spacecraft.monster,available,1.5,21.98,high,low,10,namecheap,,,21/09/2026 22:54
298c6021-deeb-4892-9e02-46263641d884,sanitized.monster,available,1.5,21.98,high,medium,9,namecheap,,,09/09/2026 21:17
d5b87631-d2b5-4212-991e-2034497f52e2,biennial.monster,available,1.8,19.98,high,low,8,namecheap,,,09/08/2026 19:52
576dde13-571f-4dbf-905a-ed85fa20cb75,unlatched.monster,available,1.5,21.98,medium,low,9,namecheap,,,12/09/2026 01:38
b4469785-fdd8-43c3-ada8-d70015be73d5,haiti.monster,available,,,high,high,5,,,,
d5481706-fecb-4c4e-bbda-3c3f1813107f,wizardly.monster,available,1.8,19.98,medium,low,8,namecheap,,,24/08/2026 13:02
d2b63262-5201-4694-9546-616e943ae974,wheaton.monster,available,1.18,13.97,high,low,7,spaceship,,,28/09/2026 07:32
c2461c1e-d199-42b2-aeef-53cb8e2e54cc,effeminate.monster,available,1.8,19.98,medium,low,10,namecheap,,,12/08/2026 08:34
eb15e5ad-5ce0-4321-99bc-dddec3d296b7,office.monster,resell,,,high,medium,6,Porkbun LLC,24/12/2025 16:09,24/12/2026 23:59,28/09/2026 05:35
89c241c0-b568-4161-8332-f42a14c39077,katharsis.monster,available,1.99,17.29,medium,low,9,namesilo,,,16/09/2026 17:05
19cb8f9d-e8a0-444a-a9e2-bb0b6cf2dc1e,permeable.monster,available,1.5,21.98,medium,low,9,namecheap,,,08/09/2026 17:36
89ca84a0-910f-4b5e-98db-7933a69a9f10,grassroots.monster,available,1.8,19.98,high,low,11,namecheap,,,20/08/2026 18:16
ec658a8e-f116-4e4f-bfa5-f1e73a90cf1e,avidly.monster,available,1.5,21.98,medium,low,6,namecheap,,,13/09/2026 22:53
831f0552-ab85-4929-b01e-a3ad73c240e0,anechoic.monster,available,1.8,19.98,medium,low,8,namecheap,,,
4adeeb4b-3e9b-45c8-a803-235ebbc5200b,inexplicit.monster,available,1.8,19.98,medium,low,10,namecheap,,,21/08/2026 22:39
e95aaee3-f5ce-4e5c-99db-ca93fa7f3a3d,redevelopment.monster,available,1.5,21.98,medium,low,13,namecheap,,,28/09/2026 05:35
c7dd12bf-65d7-41f4-9505-5f10284531c0,studs.monster,available,1.99,,high,low,5,name.com,,,
2c021690-a60b-48cb-b537-904e3d2e5262,doped.monster,available,1.8,19.98,medium,low,5,namecheap,,,14/08/2026 15:59
aa8e9b3d-6818-480c-acf6-2be0b53d4c0e,incoming.monster,available,1.8,19.98,high,low,8,namecheap,,,22/08/2026 01:44
4f078bb8-95ca-4dce-8032-031035fd96c0,senegalese.monster,available,1.5,21.98,high,low,10,namecheap,,,10/09/2026 03:43
0071cfe9-e0e5-46c5-9e08-ca78fe71c751,riotous.monster,available,1.99,20.99,medium,low,7,name.com,,,13/08/2026 20:26
81168502-f21c-417c-8e0c-a54a6759a326,perth.monster,available,1.5,21.98,high,low,5,namecheap,,,26/09/2026 00:00
1897778a-e832-4339-8b3c-f24b769f7e7a,provencal.monster,available,1.5,21.98,medium,low,9,namecheap,,,09/09/2026 04:28
7fdfb033-c0f0-4c8c-96ae-5651281870f7,evidential.monster,available,1.8,19.98,high,low,10,namecheap,,,17/08/2026 15:02
85451152-0579-488b-ac53-d881a1351337,plumbers.monster,available,1.99,17.29,medium,low,8,namesilo,,,20/09/2026 11:13
2e0526ac-4448-4f65-bb1a-528754f4bc96,voiced.monster,available,1.5,21.98,high,low,6,namecheap,,,10/09/2026 14:06
691ff227-ddac-4ab0-8457-a09f59528697,funnily.monster,available,1.5,21.98,medium,low,7,namecheap,,,14/09/2026 20:40
c42393e7-10c0-426e-bdb4-e8b58adbc98c,bachelor.monster,available,1.99,15.75,high,low,8,namesilo,,,
dc4ac04b-75b9-4fdb-937b-1babf4c56c7c,shake.monster,available,1.5,21.98,high,low,5,namecheap,,,25/09/2026 06:52
40d530e7-d0bf-4723-8f9b-a0cdf808a9d6,deliberate.monster,available,1.8,19.98,high,low,10,namecheap,,,11/08/2026 13:56
9c0d1299-79ff-4dca-92c4-c8193826a382,geese.monster,available,1.99,15.75,medium,low,5,namesilo,,,
392b5e05-0f22-4c8d-b441-eb86995e57e2,detect.monster,available,1.5,21.98,high,low,6,namecheap,,,28/09/2026 06:30
1bc1d6cf-b489-4bfe-9718-b6d011e814cf,stellar.monster,resell,1.99,,high,medium,7,Hosting Concepts B.V. d/b/a Registrar.eu,30/04/2026 19:13,30/04/2027 23:59,26/09/2026 09:18
2121609b-446e-4da1-bafd-515bb01aa2c9,purely.monster,available,1.5,21.98,high,low,6,namecheap,,,15/09/2026 22:05
266e4282-2b93-4763-bf9f-25c9fdfcf276,meekly.monster,available,1.5,21.98,medium,low,6,namecheap,,,15/09/2026 01:24
81bba32b-99df-4072-b46c-ba844daaf802,alderman.monster,available,1.99,17.29,medium,low,8,namesilo,,,18/09/2026 04:34
8f0877ed-8c30-429e-b208-9a9ea0f10725,cloves.monster,available,1.99,17.29,medium,low,6,namesilo,,,17/09/2026 13:15
cac37afe-0b28-4da5-b17a-4b4caddce5c0,slightly.monster,available,1.5,21.98,medium,low,8,namecheap,,,16/09/2026 02:36
ec93ed2c-ed41-4b98-90fb-0f46fe0e0abb,ably.monster,available,1.5,21.98,medium,low,4,namecheap,,,13/09/2026 16:20
d33cd1f9-9c61-4c1e-b334-cbe951358e6d,reliably.monster,available,1.5,21.98,high,low,8,namecheap,,,14/09/2026 11:46
7fa2641b-8eb5-48b0-8349-5f6c36e31c79,prepupal.monster,available,1.5,21.98,high,medium,8,namecheap,,,09/09/2026 01:41
795ccbca-f4ec-4255-92fd-f52bd1aea2cb,parvenu.monster,available,1.5,21.98,medium,low,7,namecheap,,,03/09/2026 22:14
4a82bdfe-ef62-496b-881a-f13d4d6b0dbd,malcontent.monster,available,1.8,19.98,medium,low,10,namecheap,,,14/08/2026 09:23
87c807ce-08da-448c-b692-d2c5cb11d3d5,sulphuric.monster,available,1.5,21.98,medium,low,9,namecheap,,,11/09/2026 01:27
dac7ff32-447c-403d-94e7-5ee452a91749,brushed.monster,available,1.8,19.98,high,low,7,namecheap,,,11/08/2026 06:58
6097a430-91cd-48e2-b6f6-11279b9deef6,north.monster,resell,,,high,low,5,"GoDaddy.com, LLC",26/01/2026 02:59,26/01/2027 23:59,26/09/2026 07:48
4268c714-17fd-494d-977e-26bd06c30746,acerose.monster,available,1.8,19.98,medium,low,7,namecheap,,,
9b97bb05-e801-4335-a6db-b5fa55a837d7,providing.monster,available,1.18,13.97,high,low,9,spaceship,,,28/09/2026 07:19
6345ddc8-6b93-4b33-b11c-0561187a4182,lakh.monster,available,1.8,19.98,medium,low,4,namecheap,,,21/08/2026 15:36
dead4558-bb24-47b0-9be4-be8d164307f6,ambiance.monster,available,1.99,17.29,high,low,8,namesilo,,,18/09/2026 16:40
d11a5492-8ad3-47b0-afaa-6b869e5686fe,splendidly.monster,available,1.5,21.98,medium,low,10,namecheap,,,14/09/2026 16:44
4c7309eb-bf14-45e6-8cde-62efe6c7f2fd,fragmental.monster,available,1.8,19.98,medium,low,10,namecheap,,,18/08/2026 14:01
131670b5-c86a-450b-9016-55bb8c5e1566,digestible.monster,available,1.8,19.98,medium,low,10,namecheap,,,14/08/2026 07:14
0313fd9c-4fc9-401d-bfee-306ba5e62e66,late.monster,available,1.5,21.98,high,low,4,namecheap,,,22/09/2026 19:16
590e63ca-0900-4951-9efe-72ef1d35ccd1,greenside.monster,available,1.8,19.98,medium,low,9,namecheap,,,20/08/2026 19:54
318ec1ba-bdfe-4719-94f7-58a8c028a617,goldberg.monster,available,1.5,21.98,high,low,8,namecheap,,,25/09/2026 06:35
e428307a-c740-44f6-87df-8db6539f3865,subclavian.monster,available,1.5,21.98,medium,low,10,namecheap,,,10/09/2026 23:40
30140a6f-1bb3-4992-b5af-869ddba8889c,unalarming.monster,available,1.5,21.98,medium,low,10,namecheap,,,12/09/2026 00:14
ddd5ffbb-0f19-4e89-8ac0-795b52baa36a,achondrite.monster,available,1.99,17.29,medium,low,10,namesilo,,,17/09/2026 00:54
50dc8842-54bc-4b48-8281-886d435d2f18,witching.monster,available,1.5,21.98,medium,low,8,namecheap,,,13/09/2026 12:46
164cf036-7273-47e8-a941-d17318feb590,fissile.monster,available,1.8,19.98,medium,low,7,namecheap,,,18/08/2026 05:34
9f328cb5-8228-4abf-968d-be072b625cc5,accretive.monster,available,1.8,19.98,medium,low,9,namecheap,,,
180cb74e-b42b-4c00-8d95-0dd34a41f402,adroit.monster,available,1.5,21.98,high,low,6,namecheap,,,21/09/2026 19:49
c40db892-fd11-4f8a-83d3-8674f9db8804,atomistic.monster,available,1.8,19.98,low,low,9,namecheap,,,07/08/2026 13:42
faf5dc16-9bb1-473a-877b-6f1c94ca834f,agential.monster,available,1.8,19.98,medium,low,8,namecheap,,,
87d82892-1fa8-499f-9749-460838a117a8,notified.monster,available,1.99,17.29,medium,low,8,namesilo,,,28/09/2026 05:08
5a6d255a-f902-4ff1-a63f-c30d1be89156,bonzer.monster,available,1.8,19.98,medium,low,6,namecheap,,,10/08/2026 19:02
1517d5f7-1e44-4c65-a587-92aa722776cd,posthumous.monster,available,1.5,21.98,medium,low,10,namecheap,,,09/09/2026 00:25
20db4a59-b104-438d-aa47-aeca1ffd15af,funded.monster,available,1.8,19.98,high,low,6,namecheap,,,18/08/2026 18:23
c246aa84-e5be-45ba-8db7-880e1b7586ad,bandit.monster,available,1.99,17.29,high,low,6,namesilo,,,22/09/2026 01:19
31e62e94-aa9b-4db0-a20f-ad5c2dd578b9,clinched.monster,available,1.8,19.98,medium,low,8,namecheap,,,12/08/2026 10:46
01ca5f4e-6c80-42c4-9541-1a1c3a90b884,camisole.monster,available,1.99,17.29,high,low,8,namesilo,,,24/09/2026 11:52
de9a4058-b21c-4251-9a95-f9b5fd598b83,focus.monster,resell,,,high,medium,5,Dynadot Inc,18/08/2026 11:13,18/08/2027 23:59,26/09/2026 06:10
29379e0f-07aa-4e56-a4c6-f30ccb6b78f3,somerville.monster,available,1.99,17.29,medium,low,10,namesilo,,,27/09/2026 01:44
e366b4ad-caf0-4e90-8127-0bbed925ef05,follower.monster,available,1.99,15.75,high,low,8,namesilo,,,
50d85889-394c-4754-963f-5d332faa4bd8,antimony.monster,available,1.99,17.29,medium,low,8,namesilo,,,19/09/2026 14:45
d17abf3f-dd0d-406f-b1b8-324b31b9f59e,biretta.monster,available,1.99,17.29,medium,low,7,namesilo,,,23/09/2026 10:06
43a4a8e6-8258-4286-9d39-8815d5476017,tasteful.monster,available,1.5,21.98,high,low,8,namecheap,,,11/09/2026 09:00
3aa88f9b-1648-4e27-bee0-15ac9a09dae4,commission.monster,available,1.99,15.75,high,low,10,namesilo,,,
3e51f6e2-cab7-40a7-8772-9f0d135d2aaa,magicians.monster,available,1.5,21.98,medium,low,9,namecheap,,,20/09/2026 20:54
9ca2be57-5905-4d01-802b-0aa66950cd60,frontward.monster,available,1.8,19.98,medium,low,9,namecheap,,,18/08/2026 12:50
f3d1a868-5ac5-4322-8a3c-0ab632aeb711,stunner.monster,available,1.8,19.98,high,low,7,namecheap,,,22/08/2026 16:40
8df7dd42-a440-457a-aaa5-4c6c79b496f8,uniquely.monster,available,1.99,17.29,high,low,8,namesilo,,,16/09/2026 10:06
0d35c0b2-f985-4f8b-a650-ef2af8d3fe8d,treasured.monster,available,1.8,19.98,high,low,9,namecheap,,,12/08/2026 04:21
696328cc-3f1c-4276-9e84-1bb32c0a1d62,rasmussen.monster,available,1.5,21.98,high,low,9,namecheap,,,28/09/2026 06:07
4c04fb16-9c9f-4119-993c-05bc337e3777,speedily.monster,available,1.5,21.98,medium,low,8,namecheap,,,13/09/2026 20:19
85537039-427b-4b3a-927e-41dc24fb538a,offspring.monster,available,1.99,,high,low,9,name.com,,,
bb47121d-4187-4fd9-a436-000072eb1a2a,fierce.monster,resell,,,high,low,6,"Spaceship, Inc.",19/07/2026 20:43,19/07/2027 23:59,26/09/2026 06:04
5eaa82f4-8881-433a-b413-59c2d90fd7c1,corvine.monster,available,1.8,19.98,medium,low,7,namecheap,,,13/08/2026 02:37
68019b50-d193-4d05-85de-31b9f863673a,beeswax.monster,available,1.99,17.29,high,low,7,namesilo,,,23/09/2026 01:48
be8e2f0a-22fd-4650-b127-5bf19fad8060,sideburns.monster,available,1.99,,high,low,9,name.com,,,
981c570a-242e-4c1c-8b1a-518030dc34f0,oversewn.monster,available,1.5,21.98,medium,low,8,namecheap,,,04/09/2026 21:48
e4ffe28d-fd2f-4731-8fcf-395279b4f74a,charivari.monster,available,1.5,21.98,medium,low,9,namecheap,,,23/09/2026 06:08
6c6991cd-8804-45a9-9cc6-f3371d376ef9,reigning.monster,available,1.5,21.98,high,medium,8,namecheap,,,09/09/2026 12:57
f9e202e3-8298-4b0c-b664-a2429048b3b5,tycoons.monster,available,1.5,21.98,medium,low,7,namecheap,,,19/09/2026 22:53
bc1033c8-8bd5-4165-9659-213b0d843d3b,harriet.monster,available,1.54,14.21,high,low,7,porkbun,,,27/09/2026 22:29
234f44d7-2051-4d27-8f62-8244b187c19d,flapjack.monster,available,1.99,17.29,high,low,8,namesilo,,,22/09/2026 14:32
1d678a71-98e4-4e98-b2af-1d5eba2af1a2,bless.monster,available,1.99,15.75,high,low,5,namesilo,,,
a6e67c62-d0f4-490b-b142-8e5e11e6f7a2,mystifying.monster,available,1.8,19.98,medium,low,10,namecheap,,,13/08/2026 09:39
2499ad7b-c43c-48a4-a7a0-e999b476e766,malamud.monster,available,1.5,21.98,medium,low,7,namecheap,,,23/09/2026 09:50
f9ced289-b427-4f46-af91-6262f707f638,junoesque.monster,available,1.8,19.98,medium,low,9,namecheap,,,22/08/2026 14:31
fe1294c0-b0f8-4cef-8523-a304b082f13e,patched.monster,available,1.5,21.98,medium,low,7,namecheap,,,08/09/2026 10:18
f7aa165f-5082-4d7c-a797-2bec07993083,colorless.monster,available,1.8,19.98,medium,low,9,namecheap,,,12/08/2026 17:53
f3d109c4-c226-4ef2-a880-d44c97c20cb9,proximo.monster,available,1.5,21.98,medium,low,7,namecheap,,,09/09/2026 04:40
4d4324dd-7406-4af7-b1ca-9fc169e69b37,stoically.monster,available,1.5,21.98,medium,low,9,namecheap,,,16/09/2026 07:14
0c06dfd9-1d46-45ac-bd44-66952bc283e1,punitive.monster,available,1.5,21.98,high,medium,8,namecheap,,,09/09/2026 06:02
5b51d66b-d6f1-4a96-91c3-6e34a8176de9,abnaki.monster,available,1.8,19.98,medium,low,6,namecheap,,,
f9eeb781-22ae-47c8-9781-ea3fd3c4dcc7,bandmaster.monster,available,1.99,17.29,high,low,10,namesilo,,,22/09/2026 01:26
68ccfa30-85a1-4178-9194-8e885f92e62c,environmentally.monster,available,1.99,15.75,medium,low,15,namesilo,,,
037d3890-412a-4001-a038-2482e10e588f,ambrose.monster,available,1.99,17.29,high,low,7,namesilo,,,18/09/2026 17:22
368c79a6-0d78-4386-b36b-fab03ed6daf7,lenticular.monster,available,1.8,19.98,high,low,10,namecheap,,,09/08/2026 19:26
13f858f8-b762-4c8a-ab3e-ad0740462553,polonium.monster,available,1.99,17.29,medium,low,8,namesilo,,,20/09/2026 23:54
bb5aa60d-3ba3-460d-9a4c-b45d6e91305d,wisely.monster,available,1.5,21.98,high,low,6,namecheap,,,16/09/2026 00:29
2b7ed013-2b1a-4b69-aa87-52731d8d51a3,agitated.monster,available,1.8,19.98,medium,low,8,namecheap,,,
4df0ef3e-192f-4dee-bcac-367eaa079ce3,lightness.monster,available,1.5,21.98,high,low,9,namecheap,,,17/09/2026 17:53
239ddb3c-72c3-4044-a4e1-476cca6b31e8,sunderland.monster,available,1.99,17.29,high,low,10,namesilo,,,28/09/2026 03:08
13b3e132-e9bf-4cc5-949d-71f7cd2d8580,unflawed.monster,available,1.8,19.98,medium,low,8,namecheap,,,18/08/2026 07:21
4415c4ae-d9d4-433e-b684-94a5bb9a3217,apery.monster,available,1.99,17.29,medium,low,5,namesilo,,,19/09/2026 16:43
efbebc19-5716-43a4-a8d3-afd23f4ed870,wolfsbane.monster,available,1.5,21.98,medium,low,9,namecheap,,,17/09/2026 02:06
c9952ec3-c050-45bf-902a-3a291ee2c462,diode.monster,available,1.5,21.98,high,low,5,namecheap,,,24/09/2026 20:00
e2ef9dc0-a851-4135-a389-56544cfc706a,mbd.monster,available,1.99,17.29,medium,low,3,namesilo,,,17/09/2026 06:35
6bd1c53e-21cc-4d1a-b9f5-e4a732a514f0,reporters.monster,available,1.99,17.29,medium,low,9,namesilo,,,28/09/2026 00:38
2450ca22-04f3-4621-a9c3-5905ea33d7ea,cxl.monster,available,1.8,19.98,high,low,3,namecheap,,,
83d703d7-b24d-499a-9c01-6a2e5b77cb37,qualitative.monster,available,1.99,,high,low,11,name.com,,,
ba43c6ed-0aee-4784-8e5e-57bb8431e980,plantal.monster,available,1.5,21.98,medium,low,7,namecheap,,,08/09/2026 20:48
55d870c1-e305-4942-ba5b-5cf1cda13c87,warmly.monster,available,1.5,21.98,high,low,6,namecheap,,,13/09/2026 08:17
d989dea6-4537-467d-8ed3-a4ec9106f156,rabbits.monster,available,1.54,14.21,medium,low,7,porkbun,,,28/09/2026 05:05
3c599db9-cb63-4c7f-95d1-9c8a7e77d4a7,demanding.monster,available,1.8,19.98,medium,low,9,namecheap,,,14/08/2026 01:06
afede098-7610-4009-a8a8-db122a0c871f,raped.monster,available,1.8,19.98,medium,low,5,namecheap,,,14/08/2026 04:27
c5ec087f-ea3a-41a4-b669-14de27fa3371,sluicing.monster,available,1.5,21.98,medium,low,8,namecheap,,,10/09/2026 11:31
66bb9e20-4896-4166-96bd-97e6e83ea60e,sagely.monster,available,1.5,21.98,medium,low,6,namecheap,,,16/09/2026 00:31
552f0a3d-cd52-4535-8539-a52254f1fa66,polynesian.monster,available,1.8,19.98,high,low,10,namecheap,,,24/08/2026 13:48
efd68dbc-d28a-4e7a-bd9d-660bd320c135,timorous.monster,available,1.5,21.98,medium,low,8,namecheap,,,11/09/2026 16:05
3d2ed387-5a7e-4ae0-a869-cb6d0ccf7b63,pity.monster,available,1.99,17.29,high,low,4,namesilo,,,23/09/2026 16:56
847cb456-3e45-4dd1-a1d2-e667a3be117b,hammered.monster,available,1.8,19.98,medium,low,8,namecheap,,,20/08/2026 22:59
e0e3a489-1222-420a-bd5a-5108a89bb119,petallike.monster,available,1.5,21.98,medium,low,9,namecheap,,,08/09/2026 18:13
b2b7c878-f157-4d41-8ba8-80c68971bdd6,fig.monster,available,1.99,15.75,high,low,3,namesilo,,,
136d6c0b-3dbd-4a49-b168-f6db74f06900,shelby.monster,available,1.99,17.29,high,low,6,namesilo,,,25/09/2026 15:30
4183557e-0793-4553-854f-067986ee5112,carribean.monster,available,1.99,15.75,high,low,9,namesilo,,,
6d0eaf23-a3c7-4cc7-b4b2-71942c7399f5,grungy.monster,available,1.8,19.98,low,low,6,namecheap,,,09/08/2026 09:36
38aa3e59-8eeb-4240-b793-f5270f08c204,biblical.monster,available,1.99,17.29,medium,low,8,namesilo,,,24/09/2026 08:26
7d01aec1-9459-4945-ad12-a40277d3fb6d,ayin.monster,available,1.99,17.29,high,low,4,namesilo,,,21/09/2026 10:38
92c954c7-dc47-4987-970a-78e3343f09b5,symphonic.monster,available,1.5,21.98,high,low,9,namecheap,,,11/09/2026 06:07
7a174ea4-f1c8-463d-b340-1ddd085b1545,sony.monster,available,,,high,medium,4,,,,
e206dd94-2574-426b-a423-15be74c41717,brought.monster,available,1.99,15.75,medium,low,7,namesilo,,,
f77cdbb6-e4cb-4549-bbd6-48d8b46ac5ba,armenian.monster,available,1.8,19.98,high,low,8,namecheap,,,06/08/2026 19:39
73c70705-3a7b-4e86-ae74-164f914bff67,kat.monster,available,1.5,21.98,high,low,3,namecheap,,,17/09/2026 15:23
f332e2b4-862f-4928-ac66-ced29ab911b8,fernando.monster,available,1.99,17.29,high,low,8,namesilo,,,25/09/2026 14:20
760982db-98db-4a16-a341-6fb1cd1fb14a,bertolucci.monster,available,1.99,17.29,high,low,10,namesilo,,,23/09/2026 09:50
7420dfe8-e031-4ca7-b677-1b6aa16b574f,fondness.monster,available,1.5,21.98,high,low,8,namecheap,,,17/09/2026 14:17
3cc2a418-5852-4fc0-bf78-e8d6f9835fd1,unable.monster,available,1.5,21.98,high,low,6,namecheap,,,11/09/2026 23:26
33f507f7-fa6f-4bf4-bf7a-21faed0aabf3,blest.monster,available,1.8,19.98,medium,low,5,namecheap,,,10/08/2026 14:15
03bd5995-58ab-426d-b517-a0118eba533d,barrie.monster,available,1.5,21.98,medium,low,6,namecheap,,,22/09/2026 08:37
5320b636-0776-43d2-b75a-345943d29cf0,counts.monster,available,1.5,21.98,high,low,6,namecheap,,,18/09/2026 18:14
37f7acbc-5d26-406e-a67b-7b496793ef44,foretell.monster,available,1.99,17.29,high,low,8,namesilo,,,21/09/2026 03:34
d29ec997-5452-4214-a75c-1b7f65fad659,crepuscule.monster,available,1.5,21.98,medium,low,10,namecheap,,,11/09/2026 21:48
8c74463d-2aef-43bc-b1ba-f05d75caf5ac,sesame.monster,available,1.99,17.29,high,low,6,namesilo,,,23/09/2026 08:27
acd8b9f0-c669-4621-a73f-65bb8a98a1ea,westminster.monster,available,1.99,,high,low,11,name.com,,,
210fce34-bc90-4de5-b40a-35fcd393d358,toughened.monster,available,1.5,21.98,medium,low,9,namecheap,,,11/09/2026 10:54
5b431afd-cb80-4f61-bd50-9b20051e406b,twinkling.monster,available,1.8,19.98,high,low,9,namecheap,,,22/08/2026 07:34
7828d67a-2caa-48e6-bf9b-773409ae25b6,reasons.monster,available,1.5,21.98,medium,low,7,namecheap,,,25/09/2026 20:13
b408d8c3-dfa4-48f5-a074-9019d227c43a,unsinkable.monster,available,1.5,21.98,medium,low,10,namecheap,,,12/09/2026 19:58
e0f1f1b0-0d14-4254-bba1-3cb3dcc45bf8,conform.monster,available,1.99,15.75,high,low,7,namesilo,,,
217df06d-c880-4f32-8a2f-a3d312f5f282,pin.monster,premium,625,,high,low,3,name.com,,,
0ee154fc-666d-4033-9f85-e462907b6a56,baseboard.monster,available,1.99,17.29,medium,low,9,namesilo,,,22/09/2026 10:08
35558f10-229f-41d5-8a07-23209e1f0104,cohen.monster,available,1.99,17.29,high,low,5,namesilo,,,27/09/2026 03:21
836fc0e9-f0ff-4892-9791-7dcc8dce412b,reprobate.monster,available,1.8,19.98,medium,low,9,namecheap,,,14/08/2026 02:38
eeff9a70-933b-4dc1-bf11-53bf709d8c69,wong.monster,available,1.99,17.29,medium,low,4,namesilo,,,26/09/2026 03:13
7d5a8ecb-48b8-41a2-935b-7c37f4677645,tutelary.monster,available,1.8,19.98,medium,low,8,namecheap,,,13/08/2026 12:21
d07a0d37-efe6-44c9-863b-3497d6cace12,piffling.monster,available,1.8,19.98,low,low,8,namecheap,,,18/08/2026 03:35
831e0340-bd6a-4118-a021-6b684f8c7466,unseeing.monster,available,1.5,21.98,high,medium,8,namecheap,,,10/09/2026 07:57
819467c3-a78f-40e5-a71c-699be06554dc,astronomic.monster,available,1.8,19.98,medium,low,10,namecheap,,,07/08/2026 10:10
32cce1de-321d-469e-b2ee-81c3240a65eb,continual.monster,available,1.99,17.29,high,low,9,namesilo,,,23/09/2026 22:10
34c3b7b4-312f-435c-8f38-407d422bdf21,boozy.monster,available,1.8,19.98,medium,low,5,namecheap,,,09/08/2026 19:00
237cbac2-49a9-47c1-b1cc-114a4844a5e8,freeborn.monster,available,1.8,19.98,medium,low,8,namecheap,,,18/08/2026 14:53
a056a87f-cd88-4aa0-8bb1-cb7c1ffbc619,fluky.monster,available,1.8,19.98,medium,low,5,namecheap,,,18/08/2026 09:19
7425d8bc-d468-4749-97fe-01ea741d68e3,corporate.monster,resell,,,high,low,9,"Spaceship, Inc.",17/01/2026 16:01,17/01/2027 23:59,28/09/2026 04:27
80324ce7-1927-4607-ba32-ca25ee0fc46a,baic.monster,available,1.5,21.98,medium,low,4,namecheap,,,21/09/2026 18:51
f454d301-737b-45a8-b8ec-6c3976193080,unclothed.monster,available,1.5,21.98,medium,low,9,namecheap,,,12/09/2026 05:30
30ad5b64-9b93-420b-8c74-c435729a7c40,dully.monster,available,1.5,21.98,low,low,5,namecheap,,,14/09/2026 14:43
e31d2221-e8ef-49f7-8b0c-a707936c557d,gaol.monster,available,1.5,21.98,medium,low,4,namecheap,,,08/09/2026 22:46
28a6b1f3-8d0b-4533-a17e-f9ade95859cc,delusive.monster,available,1.8,19.98,medium,low,8,namecheap,,,14/08/2026 00:53
5ae4a99c-62bb-4fb3-b8eb-1c44be1d63e0,bahreini.monster,available,1.8,19.98,medium,low,8,namecheap,,,08/08/2026 08:41
f7758e83-4d8a-4e39-a3c4-964bd1c6079d,squeak.monster,available,1.99,17.29,high,low,6,namesilo,,,24/09/2026 15:54
64e6a696-f91e-4270-92e5-3a147a17a4c9,delusional.monster,available,1.8,19.98,medium,low,10,namecheap,,,14/08/2026 00:51
042d3db4-4af6-4b0e-81dd-77fa67890b55,expression.monster,available,1.99,15.75,high,low,10,namesilo,,,
c5fd33f7-1684-4694-af1c-a75d1b430bbd,episode.monster,available,1.99,15.75,high,low,7,namesilo,,,
55b73033-9b6f-4364-9688-dc5e647069b2,hawaiian.monster,available,1.8,19.98,high,low,8,namecheap,,,21/08/2026 01:36
cacc987d-7184-4b8f-bf5b-307394382578,ends.monster,available,1.99,17.29,high,low,4,namesilo,,,25/09/2026 13:13
26480925-55e5-4875-817a-7a9e506bcb90,positivist.monster,available,1.5,21.98,medium,low,10,namecheap,,,09/09/2026 00:12
5a34f952-7c32-431c-8cda-8dd4e1f52c47,spite.monster,available,1.99,17.29,high,low,5,namesilo,,,23/09/2026 22:22
cb6f13f1-93a2-4a37-a017-f0a7cd320aa5,honestly.monster,available,1.8,19.98,high,low,8,namecheap,,,
cd1aef8a-a1d1-41f9-9c6c-259927837232,pepperidge.monster,available,1.99,17.29,medium,low,10,namesilo,,,24/09/2026 00:49
c41d55dd-e55f-4c55-b04d-26af53498afb,rockford.monster,available,1.99,17.29,high,low,8,namesilo,,,27/09/2026 15:41
87bc51b7-6aae-4ce9-bee5-627efe274708,narratives.monster,available,1.99,17.29,medium,low,10,namesilo,,,20/09/2026 10:13
a0515c33-28c5-43c5-a6f3-2522162c2952,redstart.monster,available,1.5,21.98,high,low,8,namecheap,,,18/09/2026 20:37
82ea94d4-b83a-4a9c-838e-6915d9960229,airfield.monster,available,1.99,17.29,high,low,8,namesilo,,,17/09/2026 23:09
78dc1329-9ba5-45c0-9095-cc3a3f0742ba,dollarfish.monster,available,1.5,21.98,medium,low,10,namecheap,,,20/09/2026 21:42
6c9ba2b2-80ea-43ac-a7cd-633107473753,bedrest.monster,available,1.99,17.29,medium,low,7,namesilo,,,22/09/2026 23:03
80bbe140-28b7-4a01-a923-2d206abc1d7e,flummox.monster,available,1.99,17.29,medium,low,7,namesilo,,,21/09/2026 17:31
cd83f920-25f6-4f1c-93ec-b21a84454df7,suv.monster,available,1.99,,high,low,3,name.com,,,
c05824ec-e9f1-4074-a260-67086a1a23a4,impersonal.monster,available,1.8,19.98,medium,low,10,namecheap,,,21/08/2026 22:13
773c2f4e-c69e-406e-9e6a-1e83af9d0657,airspeed.monster,available,1.99,17.29,high,low,8,namesilo,,,17/09/2026 23:22
d0fb7973-110d-4ddb-bb46-5fba1534152d,souther.monster,available,1.5,21.98,high,medium,7,namecheap,,,10/09/2026 14:54
bccf7a8b-f179-4d10-ba0d-a813860f1a68,newport.monster,available,1.54,14.21,high,low,7,porkbun,,,28/09/2026 02:29
0a00c099-5e09-412e-ad50-d1bf5000efe4,arched.monster,available,1.8,19.98,medium,low,6,namecheap,,,06/08/2026 14:34
4ad6244c-dc37-4762-a048-a748d8a9411b,dennis.monster,available,1.99,17.29,high,low,6,namesilo,,,25/09/2026 13:58
bdc75492-8c77-401f-85b6-3fadb9c75f54,anosmic.monster,available,1.8,19.98,medium,low,7,namecheap,,,
cfc47a1b-14de-4d40-8fe0-fc13e9e68600,arkansas.monster,available,1.99,17.29,high,low,8,namesilo,,,20/09/2026 06:13
cd0bb33e-45a0-4ecb-81ab-c9b71aafba5c,tierce.monster,available,1.8,19.98,medium,low,6,namecheap,,,
9038fd9c-91aa-4e29-b98b-390cf45fe3d5,genetical.monster,available,1.8,19.98,medium,low,9,namecheap,,,18/08/2026 21:37
538ed3d5-199e-4a58-ab40-e36188a5cb04,physic.monster,available,1.99,17.29,medium,low,6,namesilo,,,28/09/2026 07:44
c6cedec0-65af-4256-bfef-efbc5b7d85c0,sourish.monster,available,1.8,19.98,medium,low,7,namecheap,,,22/08/2026 23:29
68831f2e-57fb-45a3-908a-f3f9aba454b4,duple.monster,available,1.8,19.98,medium,low,5,namecheap,,,14/08/2026 20:37
0623b636-3a93-4e1a-a78d-f7702d91e805,sharpened.monster,available,1.5,21.98,high,medium,9,namecheap,,,10/09/2026 06:03
d491de96-3ce1-4aaa-9c77-165b7e845e8f,fracture.monster,available,0.99,25.99,high,low,8,godaddy,,,28/09/2026 01:53
681ba01a-7ce5-4aff-af0c-0b8d9b9dcdb2,caution.monster,available,1.5,21.98,high,low,7,namecheap,,,24/09/2026 12:53
de53fc99-cf03-47f0-a51c-8359f2daf5a8,splattered.monster,available,1.99,20.99,medium,low,10,name.com,,,13/08/2026 15:21
39c027a7-0eac-4cc4-be77-b468a9056e22,logan.monster,available,1.99,17.29,high,low,5,namesilo,,,25/09/2026 09:03
9f513555-0a7a-47fe-bcf7-582cd6a1f8db,fordham.monster,available,1.99,17.29,medium,low,7,namesilo,,,27/09/2026 07:54
13bbce3b-dbbd-4012-9c93-46528df31318,carrying.monster,available,1.99,15.75,high,low,8,namesilo,,,
b3c9864e-b460-4764-bdf6-bf67e8725806,cleveland.monster,available,1.99,15.75,high,low,9,namesilo,,,
ea6f37a8-adbf-49cd-938f-95858959eb62,donatus.monster,available,1.99,17.29,medium,low,7,namesilo,,,17/09/2026 12:26
8569583b-cf7a-4267-9731-fb2e4f6e72ec,untaxed.monster,available,1.5,21.98,medium,low,7,namecheap,,,11/09/2026 09:28
b20e834b-ec72-4240-bb1c-cb8698be1a8d,groomed.monster,available,1.8,19.98,high,low,7,namecheap,,,20/08/2026 20:15
b23afdea-d02f-4358-a151-eae3ba84deb8,hayseed.monster,available,1.8,19.98,medium,low,7,namecheap,,,21/08/2026 08:05
23436349-1de8-4ccf-b52a-f41ceea7975c,monday.monster,premium,242,14.28,high,low,6,namesilo,,,
829af91b-e0f8-4439-9852-b64bc1141ee5,ephemeron.monster,available,1.8,19.98,medium,low,9,namecheap,,,17/08/2026 10:22
10203d96-8d39-4223-aa07-ce10f022da28,tomorrows.monster,available,1.99,17.29,medium,low,9,namesilo,,,21/09/2026 09:58
18b57e59-abd4-4930-ac75-64d51509162f,belongs.monster,available,1.5,21.98,medium,low,7,namecheap,,,25/09/2026 20:38
d653b842-6ccb-4204-bf46-6c3e485637b6,louise.monster,available,1.5,21.98,high,low,6,namecheap,,,25/09/2026 13:47
2b84145f-c510-4ee3-a831-7b31ebc9bb20,chinese.monster,resell,,,high,low,7,"Spaceship, Inc.",17/01/2026 16:16,17/01/2027 23:59,26/09/2026 04:55
a10a4257-c70c-42ac-92b1-e2827398e3d8,quelled.monster,available,1.5,21.98,medium,low,7,namecheap,,,09/09/2026 08:24
592ee4ea-0ecd-48a3-8595-d516d4a7cf64,diverted.monster,available,1.8,19.98,high,low,8,namecheap,,,
379b7504-063d-459d-a35c-c6c6a7f85f37,hereabouts.monster,available,1.5,21.98,medium,low,10,namecheap,,,15/09/2026 00:20
7d8fc6c6-da31-4c58-9142-d8c9096a0d70,numeric.monster,available,1.5,21.98,high,low,7,namecheap,,,03/09/2026 22:54
1c1a09b4-bf18-4009-ba55-f1ebaa93137a,apsidal.monster,available,1.8,19.98,medium,low,7,namecheap,,,06/08/2026 10:18
5342522c-e9c9-4e97-9f3b-eab6ed508e97,seat.monster,resell,,,medium,low,4,"GoDaddy.com, LLC",19/01/2026 10:50,19/01/2027 23:59,26/09/2026 08:53
790a8d89-73d2-42cb-bf92-39bbe3e049ad,claim.monster,premium,242,14.28,high,low,5,namesilo,,,
7b75d50f-d737-4f2d-9d67-15cd78b2da14,constantly.monster,available,1.99,15.75,high,low,10,namesilo,,,
02a89f7f-bb0e-4464-a5f4-d3e98d6f2a0b,antigram.monster,available,1.99,17.29,medium,low,8,namesilo,,,19/09/2026 14:31
08ba6739-e779-4ffe-8251-bd60bbd30c97,racine.monster,available,1.99,17.29,high,low,6,namesilo,,,28/09/2026 02:12
9e8587de-4de1-4a6c-a274-5d5f84e95b46,autotroph.monster,available,1.5,21.98,medium,low,9,namecheap,,,21/09/2026 07:36
a1e3111d-f63c-4800-bf02-e9aff351c2fc,rectangle.monster,available,1.99,,high,low,9,name.com,,,
d4a11bb8-8a64-4120-bd90-115f8f6d6143,becalm.monster,available,1.5,21.98,medium,low,6,namecheap,,,10/09/2026 19:38
dac7d0d0-593b-4558-bc11-50d781f4adbb,bivouac.monster,available,1.8,19.98,medium,low,7,namecheap,,,11/08/2026 15:54
cdbbde08-7d92-4f56-acfd-29e37d65b5c2,masculine.monster,available,1.5,21.98,high,low,9,namecheap,,,25/09/2026 17:05
b7619cc7-1117-45c3-9002-90f040bcdb88,postcards.monster,resell,,,medium,low,9,Dynadot Inc,20/02/2020 00:05,20/02/2027 23:59,26/09/2026 08:16
3cf49776-48fc-46bf-85e7-116e12914916,thawed.monster,available,1.5,21.98,medium,low,6,namecheap,,,11/09/2026 12:31
5c5f556f-4070-47a9-830a-57601b404775,omdurman.monster,available,1.99,17.29,medium,low,8,namesilo,,,22/09/2026 15:32
3ca27e21-4ea1-46f7-a781-cbb2f5f1a0e9,harmsworth.monster,available,1.99,17.29,medium,low,10,namesilo,,,18/09/2026 06:27
8604e07e-d0bc-4a43-8cf3-d5d1e5eec5fc,mckinley.monster,available,1.99,17.29,high,low,8,namesilo,,,25/09/2026 04:51
0a517a66-1cf8-4b64-834a-6aee6bbcd91b,spaces.monster,available,1.99,17.29,high,low,6,namesilo,,,24/09/2026 15:02
c5c3d5cd-14f0-4ee9-9339-be15d5f3ac79,stripy.monster,available,1.5,21.98,medium,low,6,namecheap,,,10/09/2026 22:46
92298b46-68be-4f68-bac0-e2b7ccf27e52,rigged.monster,available,1.5,21.98,medium,low,6,namecheap,,,09/09/2026 17:25
ab94d206-7157-4c1b-be29-274c5a758b4d,terminus.monster,available,1.5,21.98,high,low,8,namecheap,,,11/09/2026 11:48
d64f7def-1793-4b8e-ab1e-c64d5d5dbf9a,banneret.monster,available,1.99,17.29,medium,low,8,namesilo,,,22/09/2026 02:54
ec595860-28df-4995-9711-b7e7bee2e60b,sumatran.monster,available,1.5,21.98,high,low,8,namecheap,,,11/09/2026 01:31
9d06a65e-7012-415d-b416-c9abe2c032a4,accuser.monster,available,1.99,15.75,medium,low,7,namesilo,,,
f4428a96-cf14-4b81-9624-1bee4f8e2a83,trilled.monster,available,1.5,21.98,medium,low,7,namecheap,,,09/09/2026 18:19
02064c4f-6c38-4c2a-82be-620003aaee2c,operative.monster,available,1.5,21.98,high,low,9,namecheap,,,04/09/2026 16:29
655e74ff-795a-46d8-a1ce-0e8a05c68edc,visualized.monster,available,1.99,17.29,high,low,10,namesilo,,,24/09/2026 14:20
f69824b5-89c8-48ee-9f73-5cf0b3495cbd,matured.monster,available,1.8,19.98,high,low,7,namecheap,,,18/08/2026 17:58
aa3a8899-8cab-4394-9489-bb5c89d1cf8c,ten.monster,resell,1.99,20.99,high,low,3,"Spaceship, Inc.",17/01/2026 16:01,17/01/2027 23:59,26/09/2026 09:33
195c7ead-9c8c-4205-8b9f-1d1865eefdb6,braky.monster,available,1.8,19.98,low,low,5,namecheap,,,11/08/2026 01:57
13a7ba4e-7748-441f-979f-afa97d0d259b,allotropic.monster,available,1.8,19.98,medium,low,10,namecheap,,,
3bb38207-600a-4c5d-b3e5-47fc4811dd19,avatar.monster,resell,,,high,high,6,"GoDaddy.com, LLC",19/06/2025 18:06,19/06/2027 23:59,26/09/2026 04:10
6f882928-0920-4122-a1d8-223175e7bd7b,quintette.monster,available,1.5,21.98,high,low,9,namecheap,,,09/09/2026 09:00
3d450c61-492c-4f4c-a409-d621193ac903,shattered.monster,available,1.5,21.98,high,medium,9,namecheap,,,10/09/2026 06:04
6ee0be46-1460-4db6-b034-331a496f7eae,mesmeric.monster,available,1.8,19.98,medium,low,8,namecheap,,,24/08/2026 21:13
6029490f-e7e5-4bf1-accd-6e9f8c1d95d8,upstair.monster,available,1.5,21.98,medium,low,7,namecheap,,,12/09/2026 23:20
1df004d2-5342-4582-b074-4e7cda4aa9a5,videos.monster,resell,,,high,low,6,Dynadot Inc,02/08/2026 23:27,02/08/2027 23:59,28/09/2026 03:36
2f83a90f-d3ff-454b-b15d-18aa5a1e0e30,milliliter.monster,available,1.8,19.98,medium,low,10,namecheap,,,11/08/2026 22:53
0a22d855-cd96-48e7-969d-805f8484aa47,discretion.monster,available,1.99,17.29,high,low,10,namesilo,,,24/09/2026 15:03
da694acb-7c29-4dea-a810-fc434f91c00e,velar.monster,available,1.5,21.98,medium,low,5,namecheap,,,13/09/2026 01:59
d6e339a4-b790-4497-9ac9-a4e3e1195407,shortages.monster,available,1.99,17.29,medium,low,9,namesilo,,,21/09/2026 03:14
561acb32-b2b6-4bb4-9e7e-79db4b1b1276,blackbeard.monster,available,1.99,17.29,medium,low,10,namesilo,,,24/09/2026 02:06
0ab4533c-e328-4637-8fa9-4f882363e0c1,impious.monster,available,1.8,19.98,medium,low,7,namecheap,,,21/08/2026 22:21
472077a4-c8a4-4401-be95-5c85f3569086,afterglow.monster,available,1.5,21.98,high,low,9,namecheap,,,17/09/2026 15:42
aae7d611-2563-4079-a1d8-882cb4f2d0e5,conserve.monster,available,1.5,21.98,high,low,8,namecheap,,,24/09/2026 17:27
f1148d1c-39c0-4d5f-a86c-2a338afa72ab,reserved.monster,available,1.5,21.98,high,low,8,namecheap,,,09/09/2026 14:50
06c0c853-e80d-4f5c-9772-68c2953d1328,hike.monster,available,1.99,17.29,high,low,4,namesilo,,,24/09/2026 07:18
f22cc753-3989-434e-b870-3a527d73736d,amide.monster,available,1.5,21.98,high,low,5,namecheap,,,18/09/2026 21:35
0d3252c8-6b00-485d-a66a-28de7e0b6efb,vulturous.monster,available,1.5,21.98,high,medium,9,namecheap,,,09/09/2026 10:25